symbol,side,tms,is_new,rule_take,reason,move15m,ok_move,ok_break,ok_vol,break_level,taken,entry_px,exit_px,entry_time,exit_time,exit_reason,pnl_r,risk,stop_px_initial
WETUSDT,SHORT,1766048182693,False,False,no_trigger,0.00014842667722146373,False,False,False,,,,,,,,,,
WETUSDT,SHORT,1765852761378,True,False,no_trigger,-0.01125802433649525,False,False,False,,,,,,,,,,
STABLEUSDT,SHORT,1765819600962,False,False,no_trigger,-0.030748663101604186,False,False,False,,,,,,,,,,
WETUSDT,SHORT,1765692438712,True,False,no_trigger,-0.02195795914339292,False,False,False,,,,,,,,,,
STABLEUSDT,LONG,1765527756412,False,False,no_trigger,0.010796221322537141,False,True,False,,,,,,,,,,
STABLEUSDT,SHORT,1765467082839,False,False,no_trigger,-0.02044497895369814,False,True,True,,,,,,,,,,
STABLEUSDT,SHORT,1765427058108,False,False,no_trigger,-0.004407713498622601,False,False,False,,,,,,,,,,
STABLEUSDT,LONG,1765339961914,False,False,no_trigger,0.011111111111111238,False,False,False,,,,,,,,,,
STABLEUSDT,LONG,1765295203571,False,False,no_trigger,-0.014681892332789527,False,False,False,,,,,,,,,,
币安人生USDT,LONG,1764865728934,False,False,no_trigger,0.0010553661308654418,False,False,False,,,,,,,,,,
ZEREBROUSDT,LONG,1764727372293,False,False,no_trigger,0.024655121808042073,False,False,False,,,,,,,,,,
ZEREBROUSDT,LONG,1764593934640,False,True,ok,0.058823529411764795,,,,0.02664,True,0.02808,0.02808,1764594000000.0,1764594000000.0,stop,0.0,0.0014400000000000003,0.02664
ZEREBROUSDT,LONG,1764339400990,False,False,no_trigger,0.0,False,False,False,,,,,,,,,,
ZEREBROUSDT,LONG,1764266761085,False,False,no_trigger,0.0,False,False,False,,,,,,,,,,
MONUSDT,SHORT,1764218960563,False,False,no_trigger,-0.009636934110264452,False,True,False,,,,,,,,,,
RVVUSDT,LONG,1764148251251,False,True,ok,0.06824435883324159,,,,0.007359,True,0.007764,0.007764,1764148500000.0,1764150300000.0,stop,0.0,0.000405,0.007359
ZEREBROUSDT,LONG,1764123788911,False,False,no_trigger,0.01601642710472285,False,False,True,,,,,,,,,,
ZECUSDT,LONG,1764081801046,False,False,no_trigger,-0.010470790445897646,False,False,False,,,,,,,,,,
MONUSDT,LONG,1764076844398,False,False,no_trigger,0.0198019801980199,False,False,False,,,,,,,,,,
MONUSDT,LONG,1764068854742,False,False,no_trigger,-0.026878771256171195,False,False,False,,,,,,,,,,
MONUSDT,SHORT,1764022235979,False,False,no_trigger,-0.030646992054483475,False,False,False,,,,,,,,,,
ZEREBROUSDT,LONG,1763991706922,False,False,no_trigger,0.0038395904436859985,False,False,False,,,,,,,,,,
ZECUSDT,LONG,1763776006318,False,False,no_trigger,0.0213666371997668,False,False,False,,,,,,,,,,
ASTERUSDT,LONG,1763736943026,False,False,no_trigger,-0.009137306552519023,False,False,False,,,,,,,,,,
ZECUSDT,SHORT,1763724931393,False,False,no_trigger,0.006116257564204451,False,False,False,,,,,,,,,,
SOLUSDT,LONG,1763711975323,False,False,no_trigger,-0.003051165701768005,False,False,False,,,,,,,,,,
SOLUSDT,LONG,1763711975323,False,False,no_trigger,-0.003051165701768005,False,False,False,,,,,,,,,,
NTRNUSDT,LONG,1763633517447,False,True,ok,0.3447648739932449,,,,0.03923,True,0.05184,0.03923,1763633700000.0,1763639400000.0,stop,-1.0,0.012609999999999996,0.03923
ETHUSDT,LONG,1763614527241,False,False,no_trigger,0.009012939368400173,False,False,False,,,,,,,,,,
ZECUSDT,SHORT,1763444498258,False,False,no_trigger,-0.011461457404555482,False,False,False,,,,,,,,,,
SOLUSDT,LONG,1763444312173,False,False,no_trigger,0.002135807924583827,False,False,False,,,,,,,,,,
HYPEUSDT,LONG,1763443288449,False,False,no_trigger,-0.00991563227307988,False,False,False,,,,,,,,,,
UNIUSDT,LONG,1762946140433,False,False,no_trigger,0.017655941456615084,False,True,False,,,,,,,,,,
UNIUSDT,LONG,1762824345788,False,False,no_trigger,-0.0042215815485997085,False,False,False,,,,,,,,,,
MONUSDT,SHORT,1762792484921,False,False,no_trigger,0.012947448591012949,False,False,False,,,,,,,,,,
MONUSDT,LONG,1762781462264,False,False,no_trigger,0.048680544173086274,False,True,True,,,,,,,,,,
GIGGLEUSDT,LONG,1762751734873,False,False,no_trigger,-0.024108601363149896,False,False,True,,,,,,,,,,
AIAUSDT,SHORT,1762745879350,False,False,no_trigger,-0.1285459501295554,True,False,False,,,,,,,,,,
GIGGLEUSDT,LONG,1762731244921,False,False,no_trigger,0.009715725080964402,False,False,False,,,,,,,,,,
ACTUSDT,LONG,1762703709886,False,True,ok,0.2519795062878436,,,,0.02233,True,0.02691,0.02233,1762704000000.0,1762707600000.0,stop,-1.0,0.004580000000000001,0.02233
ASTERUSDT,LONG,1762703098065,False,False,no_trigger,0.008325791855203707,False,False,False,,,,,,,,,,
XPLUSDT,LONG,1762703085824,False,False,no_trigger,0.0085675119945168,False,False,False,,,,,,,,,,
GIGGLEUSDT,LONG,1762680179399,False,False,no_trigger,0.03412545759136316,False,False,False,,,,,,,,,,
ZECUSDT,LONG,1762669248967,False,False,no_trigger,0.0024363546484940427,False,False,False,,,,,,,,,,
ZECUSDT,LONG,1762616667934,False,False,no_trigger,-0.011347275896036995,False,False,False,,,,,,,,,,
AIAUSDT,SHORT,1762603140672,False,False,no_trigger,-0.04378857359583499,False,False,False,,,,,,,,,,
AIAUSDT,SHORT,1762589926059,False,False,no_trigger,0.00011733990436796502,False,False,False,,,,,,,,,,
0GUSDT,LONG,1762583228369,False,True,ok,0.06884082233978436,,,,1.5,True,1.5964,1.5,1762583400000.0,1762583400000.0,stop,-1.0,0.09640000000000004,1.5
0GUSDT,LONG,1762583228369,False,True,ok,0.06884082233978436,,,,1.5,True,1.5964,1.5,1762583400000.0,1762583400000.0,stop,-1.0,0.09640000000000004,1.5
0GUSDT,LONG,1762583228369,False,True,ok,0.06884082233978436,,,,1.5,True,1.5964,1.5,1762583400000.0,1762583400000.0,stop,-1.0,0.09640000000000004,1.5
UAIUSDT,SHORT,1762574324039,True,False,no_trigger,-0.07944643772424391,False,True,False,,,,,,,,,,
AIAUSDT,SHORT,1762571995835,False,False,no_trigger,-0.043178442605559045,False,True,False,,,,,,,,,,
ICPUSDT,LONG,1762568490659,False,True,ok,0.06774415405777158,,,,8.791,True,9.314,8.791,1762569000000.0,1762573200000.0,stop,-1.0,0.5229999999999997,8.791
XPLUSDT,LONG,1762568315930,False,False,no_trigger,0.0014684287812041128,False,False,False,,,,,,,,,,
XPLUSDT,LONG,1762529707929,False,False,no_trigger,0.031082887700534672,False,True,False,,,,,,,,,,
AIAUSDT,LONG,1762529661605,False,False,no_trigger,0.030994868811932703,False,False,False,,,,,,,,,,
GIGGLEUSDT,SHORT,1762518842924,False,False,no_trigger,-0.0031468053085237924,False,False,False,,,,,,,,,,
GIGGLEUSDT,LONG,1762511130307,False,False,no_trigger,-0.08272323744739721,False,False,True,,,,,,,,,,
GIGGLEUSDT,LONG,1762497227266,False,False,no_trigger,0.010161662817552075,False,False,False,,,,,,,,,,
SAPIENUSDT,SHORT,1762491714736,False,False,no_trigger,-0.024864605287730424,False,False,False,,,,,,,,,,
ZEREBROUSDT,LONG,1762440166256,True,False,no_trigger,0.009440034327397616,False,True,False,,,,,,,,,,
STABLEUSDT,LONG,1762439541286,,False,no_15m_bar,,,,,,,,,,,,,,
STABLEUSDT,SHORT,1762430816911,,False,no_15m_bar,,,,,,,,,,,,,,
GIGGLEUSDT,LONG,1762424169246,False,False,no_trigger,0.05933766690091352,True,True,False,,,,,,,,,,
币安人生USDT,LONG,1762348525702,True,False,no_trigger,0.03597026811786554,False,True,False,,,,,,,,,,
BTCUSDT,LONG,1762327193979,False,False,no_trigger,-0.001083627797408659,False,False,False,,,,,,,,,,
GIGGLEUSDT,LONG,1762322903154,False,True,ok,0.10833795525975225,,,,110.32,True,119.91,119.91,1762323300000.0,1762323300000.0,stop,0.0,9.590000000000003,110.32
MMTUSDT,SHORT,1762311351911,True,False,no_trigger,0.02424001589509237,False,False,False,,,,,,,,,,
GIGGLEUSDT,LONG,1762279846676,False,False,no_trigger,0.07995564863865953,True,False,False,,,,,,,,,,
HYPEUSDT,LONG,1762269394648,False,False,no_trigger,0.007329710602805488,False,True,False,,,,,,,,,,
ETHUSDT,LONG,1762269363461,False,False,no_trigger,0.005711930112855095,False,False,False,,,,,,,,,,
ETHUSDT,LONG,1762269363461,False,False,no_trigger,0.005711930112855095,False,False,False,,,,,,,,,,
ZEREBROUSDT,LONG,1762187270701,True,False,no_trigger,0.043162199000454475,False,True,True,,,,,,,,,,
GIGGLEUSDT,LONG,1762163645534,False,False,no_trigger,-0.11857707509881422,False,False,True,,,,,,,,,,
TAOUSDT,LONG,1762091286400,False,False,no_trigger,0.0009821804405781016,False,False,False,,,,,,,,,,
币安人生USDT,SHORT,1762055952236,,False,no_15m_bar,,,,,,,,,,,,,,
币安人生USDT,SHORT,1761878232582,,False,no_15m_bar,,,,,,,,,,,,,,
币安人生USDT,SHORT,1761832100949,,False,no_15m_bar,,,,,,,,,,,,,,
ZECUSDT,LONG,1761766801459,True,False,no_trigger,-0.015101772816808988,False,False,False,,,,,,,,,,
GIGGLEUSDT,LONG,1761758760303,False,False,no_trigger,0.021060104117368573,False,False,False,,,,,,,,,,
币安人生USDT,SHORT,1761651036916,,False,no_15m_bar,,,,,,,,,,,,,,
ZECUSDT,LONG,1761629579746,True,False,no_trigger,-0.013512710857685944,False,False,False,,,,,,,,,,
TAOUSDT,LONG,1761628936100,False,False,no_trigger,-0.001640412032904615,False,False,False,,,,,,,,,,
BTCUSDT,LONG,1761628775485,False,False,no_trigger,0.001172424642713646,False,False,False,,,,,,,,,,
HYPEUSDT,LONG,1761628748207,False,False,no_trigger,-0.0021802477935472884,False,False,False,,,,,,,,,,
GIGGLEUSDT,LONG,1761571844088,False,False,no_trigger,-0.0076978714610457175,False,False,False,,,,,,,,,,
币安人生USDT,SHORT,1761559908209,,False,no_15m_bar,,,,,,,,,,,,,,
GIGGLEUSDT,LONG,1761488780920,False,False,no_trigger,0.008552570419261893,False,False,False,,,,,,,,,,
GIGGLEUSDT,LONG,1761488780920,False,False,no_trigger,0.008552570419261893,False,False,False,,,,,,,,,,
币安人生USDT,SHORT,1761410967996,,False,no_15m_bar,,,,,,,,,,,,,,
PROVEUSDT,LONG,1761392645922,False,False,no_trigger,-0.0009874917709019222,False,False,False,,,,,,,,,,
币安人生USDT,SHORT,1761364506877,,False,no_15m_bar,,,,,,,,,,,,,,
GIGGLEUSDT,LONG,1761361471136,False,False,no_confirm,1.3241434998269697,,,,91.71,,,,,,,,,
币安人生USDT,SHORT,1761328808141,,False,no_15m_bar,,,,,,,,,,,,,,
PROVEUSDT,LONG,1761327480694,False,False,no_trigger,-0.003599640035996337,False,False,False,,,,,,,,,,
4USDT,SHORT,1761318456180,False,False,no_trigger,-0.01373703392206335,False,False,False,,,,,,,,,,
币安人生USDT,SHORT,1761318441490,,False,no_15m_bar,,,,,,,,,,,,,,
XPINUSDT,LONG,1761282172137,False,False,no_trigger,0.01731612425121967,False,False,False,,,,,,,,,,
BTCUSDT,LONG,1761273910799,False,False,no_trigger,-0.0011460416822952188,False,False,False,,,,,,,,,,
4USDT,SHORT,1761236449694,False,False,no_trigger,-0.05043002345582485,False,False,False,,,,,,,,,,
币安人生USDT,SHORT,1761222394483,,False,no_15m_bar,,,,,,,,,,,,,,
APRUSDT,SHORT,1761215536459,True,False,no_trigger,0.25779552715654946,False,False,False,,,,,,,,,,
ETHUSDT,LONG,1761200151540,True,False,no_trigger,0.0057862138069600605,False,True,True,,,,,,,,,,
币安人生USDT,SHORT,1761150885948,,False,no_15m_bar,,,,,,,,,,,,,,
币安人生USDT,SHORT,1761136660919,,False,no_15m_bar,,,,,,,,,,,,,,
COAIUSDT,LONG,1761123030962,False,False,no_trigger,0.0069091648039016065,False,True,False,,,,,,,,,,
ZEREBROUSDT,LONG,1761121985329,,False,no_15m_bar,,,,,,,,,,,,,,
币安人生USDT,SHORT,1761113572303,,False,no_15m_bar,,,,,,,,,,,,,,
PROVEUSDT,LONG,1761070863061,False,False,no_trigger,0.015186915887850481,False,True,False,,,,,,,,,,
ZEREBROUSDT,LONG,1761058933588,,False,no_15m_bar,,,,,,,,,,,,,,
币安人生USDT,LONG,1761058461247,,False,no_15m_bar,,,,,,,,,,,,,,
ETHUSDT,LONG,1761056366361,True,False,no_trigger,-0.0032913172401846584,False,False,True,,,,,,,,,,
币安人生USDT,SHORT,1761027196415,,False,no_15m_bar,,,,,,,,,,,,,,
FORMUSDT,LONG,1760975346917,False,False,no_trigger,0.022240923298869873,False,True,True,,,,,,,,,,
4USDT,SHORT,1760974710920,False,False,no_trigger,-0.007136678200692175,False,False,False,,,,,,,,,,
币安人生USDT,LONG,1760973055142,,False,no_15m_bar,,,,,,,,,,,,,,
币安人生USDT,SHORT,1760963138234,,False,no_15m_bar,,,,,,,,,,,,,,
币安人生USDT,LONG,1760958833989,,False,no_15m_bar,,,,,,,,,,,,,,
4USDT,SHORT,1760951550962,False,False,no_trigger,0.00676868746321348,False,False,True,,,,,,,,,,
KGENUSDT,LONG,1760758809864,False,False,no_trigger,0.07630434049441842,True,True,False,,,,,,,,,,
ZEREBROUSDT,LONG,1760716890518,,False,no_15m_bar,,,,,,,,,,,,,,
KGENUSDT,LONG,1760617712620,False,True,ok,0.4098605223898268,,,,0.43895,True,0.59537,0.43895,1760617800000.0,1760620200000.0,stop,-1.0,0.15641999999999995,0.43895
KGENUSDT,LONG,1760617681321,False,True,ok,0.4098605223898268,,,,0.43895,True,0.59537,0.43895,1760617800000.0,1760620200000.0,stop,-1.0,0.15641999999999995,0.43895
BASUSDT,LONG,1760487780055,False,False,no_trigger,0.05913231434306013,True,False,False,,,,,,,,,,
ZEREBROUSDT,LONG,1760460748331,,False,no_15m_bar,,,,,,,,,,,,,,
TAOUSDT,LONG,1760440772237,False,False,no_trigger,0.013908045977011521,False,True,False,,,,,,,,,,
HYPEUSDT,LONG,1760414864578,,False,no_15m_bar,,,,,,,,,,,,,,
ZEREBROUSDT,LONG,1760390293569,,False,no_15m_bar,,,,,,,,,,,,,,
COAIUSDT,SHORT,1760362232625,False,False,no_trigger,0.033853125416500006,False,False,False,,,,,,,,,,
BASUSDT,LONG,1760358870308,False,False,no_trigger,-0.05246874516587228,False,False,False,,,,,,,,,,
BNBUSDT,SHORT,1760354958629,False,False,no_trigger,-0.026247180702626365,False,True,False,,,,,,,,,,
SUSHIUSDT,LONG,1760354932399,False,False,no_trigger,-0.035485546131209904,False,False,True,,,,,,,,,,
COMPUSDT,LONG,1760354865359,False,False,no_trigger,-0.031107305936072954,False,False,True,,,,,,,,,,
SOLUSDT,LONG,1760350126136,,False,no_15m_bar,,,,,,,,,,,,,,
ZEREBROUSDT,LONG,1760349325085,,False,no_15m_bar,,,,,,,,,,,,,,
1000RATSUSDT,LONG,1760338415796,False,True,ok,0.06913339824732219,,,,0.0311,True,0.03293,0.0311,1760338800000.0,1760339700000.0,stop,-1.0,0.0018300000000000018,0.0311
SNXUSDT,LONG,1760328524739,False,False,no_trigger,-0.013597733711048046,False,False,False,,,,,,,,,,
AAVEUSDT,LONG,1760321079348,False,False,no_trigger,-0.007870572802798386,False,False,False,,,,,,,,,,
KNCUSDT,LONG,1760320833885,False,False,no_trigger,-0.0013884068031933753,False,False,True,,,,,,,,,,
ETHUSDT,SHORT,1760304708834,,False,no_15m_bar,,,,,,,,,,,,,,
ETHUSDT,SHORT,1760304708834,,False,no_15m_bar,,,,,,,,,,,,,,
COAIUSDT,LONG,1760300571039,False,False,no_trigger,0.07487330390714406,True,True,False,,,,,,,,,,
RUNEUSDT,LONG,1760296281255,False,False,no_trigger,0.009782608695652182,False,True,False,,,,,,,,,,
COAIUSDT,LONG,1760293163459,False,False,no_trigger,0.04374252690314867,False,True,False,,,,,,,,,,
COAIUSDT,LONG,1760278529788,False,False,no_trigger,0.017682468021068473,False,True,False,,,,,,,,,,
USELESSUSDT,LONG,1760270931927,False,False,no_trigger,0.018484288354898352,False,True,False,,,,,,,,,,
COAIUSDT,LONG,1760235120137,False,False,no_trigger,0.050807158052809484,False,True,False,,,,,,,,,,
COAIUSDT,LONG,1760207884990,False,False,no_trigger,-0.04016944200993286,False,False,False,,,,,,,,,,
ZEREBROUSDT,LONG,1760198751153,,False,no_15m_bar,,,,,,,,,,,,,,
COAIUSDT,SHORT,1760194486954,False,False,no_confirm,-0.11594202898550734,,,,4.5,,,,,,,,,
COAIUSDT,LONG,1760171035833,False,False,no_trigger,0.01773673409557308,False,False,False,,,,,,,,,,
COAIUSDT,SHORT,1760154801211,False,False,no_trigger,0.0037491479209269514,False,False,False,,,,,,,,,,
ZECUSDT,LONG,1760132583363,,False,no_15m_bar,,,,,,,,,,,,,,
XPLUSDT,LONG,1760132133467,True,False,no_trigger,0.018650088809946633,False,False,False,,,,,,,,,,
BROCCOLI714USDT,LONG,1760131852727,False,False,no_trigger,0.39739663093414995,True,False,True,,,,,,,,,,
BNBUSDT,LONG,1760131556004,False,False,no_trigger,-0.11709698552441467,False,False,True,,,,,,,,,,
DOGEUSDT,LONG,1760131504055,False,False,no_trigger,-0.1573358592153147,False,False,True,,,,,,,,,,
ETHUSDT,LONG,1760131007602,,False,no_15m_bar,,,,,,,,,,,,,,
GIGGLEUSDT,LONG,1760126932859,,False,no_15m_bar,,,,,,,,,,,,,,
ETHUSDT,LONG,1760125255763,,False,no_15m_bar,,,,,,,,,,,,,,
USELESSUSDT,LONG,1760110253434,False,False,no_trigger,-0.04390388608721458,False,False,True,,,,,,,,,,
INUSDT,LONG,1760076628089,False,True,ok,1.3204049971421572,,,,0.12325,True,0.28376,0.1636,1760076900000.0,1760508600000.0,timeout,-0.7486137935331132,0.16051,0.12325
INUSDT,LONG,1760076034330,False,True,ok,1.3204049971421572,,,,0.12325,True,0.28376,0.1636,1760076900000.0,1760508600000.0,timeout,-0.7486137935331132,0.16051,0.12325
GIGGLEUSDT,SHORT,1760070824720,,False,no_15m_bar,,,,,,,,,,,,,,
COAIUSDT,LONG,1760069383068,False,False,no_trigger,0.041045320334352,False,True,False,,,,,,,,,,
BTCUSDT,LONG,1760024507147,True,False,no_trigger,-0.00200196063196489,False,False,False,,,,,,,,,,
ASTERUSDT,SHORT,1760019859569,,False,no_15m_bar,,,,,,,,,,,,,,
COAIUSDT,LONG,1760010412560,False,False,no_trigger,-0.0042619306313063255,False,False,False,,,,,,,,,,
COAIUSDT,LONG,1759989612744,False,False,no_trigger,0.0008211251176183021,False,False,False,,,,,,,,,,
CAKEUSDT,SHORT,1759976505188,False,False,no_trigger,-0.009129195773333673,False,True,False,,,,,,,,,,
BNBUSDT,LONG,1759976422617,False,False,no_trigger,-0.013749094440248407,False,False,True,,,,,,,,,,
ASTERUSDT,SHORT,1759975926905,,False,no_15m_bar,,,,,,,,,,,,,,
ETHUSDT,LONG,1759935680314,,False,no_15m_bar,,,,,,,,,,,,,,
ETHUSDT,LONG,1759935680314,,False,no_15m_bar,,,,,,,,,,,,,,
THEUSDT,LONG,1759934125151,False,False,no_trigger,0.042387543252595174,False,True,True,,,,,,,,,,
4USDT,LONG,1759932435521,True,False,no_trigger,0.08133020779530369,True,False,False,,,,,,,,,,
4USDT,LONG,1759929226179,True,False,no_trigger,-0.0005136282701001198,False,False,False,,,,,,,,,,
4USDT,LONG,1759925131780,True,False,no_trigger,0.21945971790580932,True,False,False,,,,,,,,,,
1000PEPEUSDT,SHORT,1759895446652,False,False,no_trigger,-0.0006101934420263607,False,False,False,,,,,,,,,,
FARTCOINUSDT,SHORT,1759895440171,False,False,no_trigger,0.00015915963711600985,False,False,False,,,,,,,,,,
FORMUSDT,LONG,1759888720503,False,False,no_confirm,0.06826691628777738,,,,1.5,,,,,,,,,
FORMUSDT,LONG,1759872801767,False,False,no_trigger,0.024348234557269165,False,False,False,,,,,,,,,,
FORMUSDT,LONG,1759872801767,False,False,no_trigger,0.024348234557269165,False,False,False,,,,,,,,,,
AIXBTUSDT,SHORT,1759853922462,False,False,no_trigger,-0.003756170852114221,False,True,False,,,,,,,,,,
VIRTUALUSDT,LONG,1759853916240,False,False,no_trigger,-0.0007370554634235415,False,False,False,,,,,,,,,,
2ZUSDT,SHORT,1759852276131,True,False,no_trigger,-0.0024937655860349122,False,False,False,,,,,,,,,,
XPLUSDT,LONG,1759851513542,,False,no_15m_bar,,,,,,,,,,,,,,
XPLUSDT,LONG,1759851513542,,False,no_15m_bar,,,,,,,,,,,,,,
DOGEUSDT,LONG,1759824518540,False,False,no_trigger,-0.007146424866484913,False,False,False,,,,,,,,,,
SPXUSDT,LONG,1759823856349,False,False,no_trigger,-0.005187894911872317,False,False,False,,,,,,,,,,
XRPUSDT,SHORT,1759813786407,False,False,no_trigger,-0.00026745119015776674,False,False,False,,,,,,,,,,
ASTERUSDT,SHORT,1759792328080,,False,no_15m_bar,,,,,,,,,,,,,,
XPLUSDT,LONG,1759792321728,,False,no_15m_bar,,,,,,,,,,,,,,
CELOUSDT,LONG,1759757535570,False,False,no_trigger,-0.011441647597254015,False,False,False,,,,,,,,,,
COAIUSDT,LONG,1759740903625,False,False,no_trigger,0.006322584058622796,False,False,False,,,,,,,,,,
COAIUSDT,LONG,1759740903625,False,False,no_trigger,0.006322584058622796,False,False,False,,,,,,,,,,
COAIUSDT,SHORT,1759739914187,False,False,no_trigger,-0.025935782358512995,False,False,False,,,,,,,,,,
COAIUSDT,SHORT,1759739115364,False,False,no_trigger,0.3944003665998761,False,False,True,,,,,,,,,,
CAKEUSDT,SHORT,1759730449525,False,False,no_trigger,0.023086552738071087,False,False,False,,,,,,,,,,
BNBUSDT,LONG,1759730441334,False,False,no_trigger,0.01071665532851251,False,True,True,,,,,,,,,,
CELOUSDT,LONG,1759715146181,False,False,no_trigger,-0.019354838709677434,False,False,True,,,,,,,,,,
1000000MOGUSDT,LONG,1759691248467,False,False,no_trigger,-0.013197360527894433,False,False,True,,,,,,,,,,
XPLUSDT,LONG,1759683637751,,False,no_15m_bar,,,,,,,,,,,,,,
ETHUSDT,LONG,1759680967914,,False,no_15m_bar,,,,,,,,,,,,,,
ASTERUSDT,SHORT,1759679303445,,False,no_15m_bar,,,,,,,,,,,,,,
ETHUSDT,LONG,1759676415591,,False,no_15m_bar,,,,,,,,,,,,,,
DOGEUSDT,LONG,1759675390806,False,False,no_trigger,-0.006812254272256722,False,False,False,,,,,,,,,,
ASTERUSDT,SHORT,1759670988693,,False,no_15m_bar,,,,,,,,,,,,,,
XPLUSDT,LONG,1759670975852,,False,no_15m_bar,,,,,,,,,,,,,,
ASTERUSDT,LONG,1759670231562,,False,no_15m_bar,,,,,,,,,,,,,,
AVAXUSDT,SHORT,1759665730557,False,False,no_trigger,-0.002738008840799578,False,False,False,,,,,,,,,,
APTUSDT,LONG,1759665722566,False,False,no_trigger,-0.004826551456100064,False,False,False,,,,,,,,,,
2ZUSDT,SHORT,1759658758229,True,False,no_trigger,-0.005412257052030151,False,False,False,,,,,,,,,,
BTCUSDT,LONG,1759641935348,,False,no_15m_bar,,,,,,,,,,,,,,
BTCUSDT,LONG,1759641863697,,False,no_15m_bar,,,,,,,,,,,,,,
2ZUSDT,LONG,1759634013555,True,False,no_trigger,0.008896619284671732,False,False,False,,,,,,,,,,
ASTERUSDT,LONG,1759624924421,,False,no_15m_bar,,,,,,,,,,,,,,
ASTERUSDT,SHORT,1759624558498,,False,no_15m_bar,,,,,,,,,,,,,,
DASHUSDT,LONG,1759620838830,False,False,no_trigger,0.004092370651856199,False,False,False,,,,,,,,,,
AIAUSDT,LONG,1759617574575,,False,no_15m_bar,,,,,,,,,,,,,,
ZECUSDT,LONG,1759602490852,,False,no_15m_bar,,,,,,,,,,,,,,
ZECUSDT,LONG,1759602490852,,False,no_15m_bar,,,,,,,,,,,,,,
SPXUSDT,LONG,1759598086671,False,False,no_trigger,-0.01054656880210926,False,False,False,,,,,,,,,,
ASTERUSDT,SHORT,1759592555176,,False,no_15m_bar,,,,,,,,,,,,,,
BTCUSDT,LONG,1759587954181,,False,no_15m_bar,,,,,,,,,,,,,,
ZECUSDT,LONG,1759581835034,,False,no_15m_bar,,,,,,,,,,,,,,
XPLUSDT,SHORT,1759554982136,,False,no_15m_bar,,,,,,,,,,,,,,
2ZUSDT,SHORT,1759548812923,True,False,no_trigger,-0.0038942167974425194,False,False,False,,,,,,,,,,
DASHUSDT,SHORT,1759543641326,False,False,no_trigger,-0.010914927768860348,False,False,False,,,,,,,,,,
ZECUSDT,SHORT,1759535608478,,False,no_15m_bar,,,,,,,,,,,,,,
USELESSUSDT,LONG,1759517374556,False,False,no_trigger,-0.01651527663088358,False,False,False,,,,,,,,,,
SPXUSDT,LONG,1759517147976,False,False,no_trigger,0.002716792716058311,False,False,False,,,,,,,,,,
1000000MOGUSDT,LONG,1759517134618,False,False,no_trigger,0.0008244994110718892,False,False,False,,,,,,,,,,
ASTERUSDT,LONG,1759516919208,,False,no_15m_bar,,,,,,,,,,,,,,
2ZUSDT,SHORT,1759514163476,True,False,no_trigger,-0.018067645565812494,False,False,False,,,,,,,,,,
ASTERUSDT,SHORT,1759511994233,,False,no_15m_bar,,,,,,,,,,,,,,
BTCUSDT,LONG,1759507550332,,False,no_15m_bar,,,,,,,,,,,,,,
2ZUSDT,SHORT,1759477234250,True,False,no_trigger,-0.005519280061366926,False,False,False,,,,,,,,,,
ZECUSDT,LONG,1759472209542,,False,no_15m_bar,,,,,,,,,,,,,,
WLDUSDT,SHORT,1759456499477,False,False,no_trigger,-0.00262565641410357,False,True,False,,,,,,,,,,
ASTERUSDT,LONG,1759441433867,,False,no_15m_bar,,,,,,,,,,,,,,
ASTERUSDT,LONG,1759441433867,,False,no_15m_bar,,,,,,,,,,,,,,
LINKUSDT,LONG,1759426087605,False,False,no_trigger,0.0007089684509038566,False,False,False,,,,,,,,,,
LINKUSDT,LONG,1759426087605,False,False,no_trigger,0.0007089684509038566,False,False,False,,,,,,,,,,
2ZUSDT,SHORT,1759420202962,True,False,no_trigger,-0.006180296584204216,False,False,False,,,,,,,,,,
ZECUSDT,LONG,1759417781778,,False,no_15m_bar,,,,,,,,,,,,,,
2ZUSDT,LONG,1759414723097,True,False,no_trigger,0.12654687559863606,True,False,False,,,,,,,,,,
2ZUSDT,SHORT,1759410702888,True,False,no_trigger,-0.20991196981822344,True,False,False,,,,,,,,,,
2ZUSDT,LONG,1759409589244,True,False,no_trigger,-0.1572713441056949,False,False,False,,,,,,,,,,
MYXUSDT,SHORT,1759405080817,False,False,no_trigger,-0.016456783056668603,False,False,False,,,,,,,,,,
MYXUSDT,SHORT,1759405080817,False,False,no_trigger,-0.016456783056668603,False,False,False,,,,,,,,,,
ZECUSDT,LONG,1759381168546,,False,no_15m_bar,,,,,,,,,,,,,,
1000LUNCUSDT,LONG,1759369650496,False,False,no_trigger,0.008715759516186488,False,True,True,,,,,,,,,,
DASHUSDT,LONG,1759369537424,False,False,no_trigger,-0.013487475915221635,False,False,False,,,,,,,,,,
ASTERUSDT,SHORT,1759334243739,,False,no_15m_bar,,,,,,,,,,,,,,
XPLUSDT,SHORT,1759310774875,,False,no_15m_bar,,,,,,,,,,,,,,
ASTERUSDT,SHORT,1759292113187,,False,no_15m_bar,,,,,,,,,,,,,,
XPLUSDT,LONG,1759251249589,,False,no_15m_bar,,,,,,,,,,,,,,
ASTERUSDT,SHORT,1759250572482,,False,no_15m_bar,,,,,,,,,,,,,,
AAVEUSDT,SHORT,1759250387826,False,False,no_trigger,-0.005261783035414505,False,False,False,,,,,,,,,,
BTCUSDT,LONG,1759247858117,,False,no_15m_bar,,,,,,,,,,,,,,
BTCUSDT,LONG,1759247858117,,False,no_15m_bar,,,,,,,,,,,,,,
ZROUSDT,SHORT,1759247803348,False,False,no_trigger,0.005250525052505227,False,False,False,,,,,,,,,,
PENGUUSDT,SHORT,1759247723180,False,False,no_trigger,0.0028117267751367877,False,False,False,,,,,,,,,,
PUMPUSDT,SHORT,1759247708347,False,False,no_trigger,0.005951273944578745,False,False,False,,,,,,,,,,
WIFUSDT,SHORT,1759247660731,False,False,no_trigger,0.005465266791313139,False,False,False,,,,,,,,,,
AVAXUSDT,SHORT,1759247639506,False,False,no_trigger,0.003072355702844471,False,False,False,,,,,,,,,,
SOLUSDT,SHORT,1759247624662,,False,no_15m_bar,,,,,,,,,,,,,,
ASTERUSDT,SHORT,1759245722481,,False,no_15m_bar,,,,,,,,,,,,,,
FFUSDT,SHORT,1759166900358,True,False,no_trigger,-0.008839571186759314,False,False,False,,,,,,,,,,
SUIUSDT,SHORT,1759165384263,False,False,no_trigger,0.002698310489682004,False,False,False,,,,,,,,,,
ADAUSDT,SHORT,1759165377565,False,False,no_trigger,0.0003759398496240187,False,False,False,,,,,,,,,,
STBLUSDT,LONG,1759163303080,False,False,no_trigger,-0.06317418117631679,False,False,False,,,,,,,,,,
FFUSDT,SHORT,1759156118547,True,False,no_trigger,-0.17539754656974105,True,False,False,,,,,,,,,,
XANUSDT,LONG,1759155420131,True,False,no_trigger,-0.009546014428998792,False,False,False,,,,,,,,,,
XANUSDT,LONG,1759153190517,True,False,no_trigger,-0.032685930838465264,False,False,False,,,,,,,,,,
ASTERUSDT,SHORT,1759143647846,,False,no_15m_bar,,,,,,,,,,,,,,
XPLUSDT,LONG,1759139974930,,False,no_15m_bar,,,,,,,,,,,,,,
XPLUSDT,LONG,1759127893926,,False,no_15m_bar,,,,,,,,,,,,,,
ASTERUSDT,SHORT,1759123586492,,False,no_15m_bar,,,,,,,,,,,,,,
XPLUSDT,LONG,1759122182477,,False,no_15m_bar,,,,,,,,,,,,,,
HYPEUSDT,LONG,1759100488574,,False,no_15m_bar,,,,,,,,,,,,,,
PUMPUSDT,LONG,1759078749022,False,False,no_trigger,0.052405015908665684,False,True,True,,,,,,,,,,
ASTERUSDT,SHORT,1759033102517,,False,no_15m_bar,,,,,,,,,,,,,,
ETHUSDT,SHORT,1758986362908,,False,no_15m_bar,,,,,,,,,,,,,,
MIRAUSDT,SHORT,1758986070531,True,False,no_trigger,-0.013979360316182476,False,False,False,,,,,,,,,,
FARTCOINUSDT,SHORT,1758985334850,False,False,no_trigger,-0.005568680391495055,False,False,False,,,,,,,,,,
VIRTUALUSDT,SHORT,1758985293471,False,False,no_trigger,-0.0031874818893075246,False,False,False,,,,,,,,,,
ZORAUSDT,SHORT,1758985280635,False,False,no_trigger,-0.004531195538515219,False,True,False,,,,,,,,,,
AVNTUSDT,SHORT,1758985270975,False,False,no_trigger,-0.017759736141063062,False,False,False,,,,,,,,,,
WLDUSDT,SHORT,1758985248184,False,False,no_trigger,-0.0003129890453833771,False,False,False,,,,,,,,,,
MYXUSDT,LONG,1758981617903,False,False,no_trigger,0.042030645854217494,False,True,False,,,,,,,,,,
MYXUSDT,LONG,1758972059714,False,False,no_trigger,0.013549211759693286,False,False,False,,,,,,,,,,
XPLUSDT,SHORT,1758959331939,,False,no_15m_bar,,,,,,,,,,,,,,
ALPINEUSDT,LONG,1758949692678,False,False,no_trigger,0.010031855541280273,False,False,False,,,,,,,,,,
XPLUSDT,LONG,1758916921831,,False,no_15m_bar,,,,,,,,,,,,,,
STBLUSDT,LONG,1758908312372,False,False,no_trigger,2.245122471433062e-05,False,False,False,,,,,,,,,,
ASTERUSDT,LONG,1758894430775,,False,no_15m_bar,,,,,,,,,,,,,,
MIRAUSDT,SHORT,1758890019372,True,False,no_trigger,0.06278376844494894,False,False,False,,,,,,,,,,
HUMAUSDT,LONG,1758856555042,False,False,no_trigger,-0.008756617541851303,False,False,False,,,,,,,,,,
ONDOUSDT,SHORT,1758851523288,False,False,no_trigger,-0.0010159160176092244,False,False,False,,,,,,,,,,
LINKUSDT,SHORT,1758851507359,False,False,no_trigger,0.0004887346659499322,False,False,False,,,,,,,,,,
AAVEUSDT,LONG,1758851495249,False,False,no_trigger,0.002685833175713938,False,False,False,,,,,,,,,,
ENAUSDT,LONG,1758851427002,False,False,no_trigger,0.0017331022530329306,False,False,False,,,,,,,,,,
ENAUSDT,LONG,1758851427002,False,False,no_trigger,0.0017331022530329306,False,False,False,,,,,,,,,,
STBLUSDT,LONG,1758846640907,False,False,no_trigger,-0.02423011844331635,False,False,False,,,,,,,,,,
WLFIUSDT,SHORT,1758842480932,False,False,no_trigger,0.006489994591671059,False,False,False,,,,,,,,,,
ETHUSDT,SHORT,1758842376444,,False,no_15m_bar,,,,,,,,,,,,,,
BNBUSDT,LONG,1758842156679,False,False,no_trigger,-0.0006330115524608564,False,False,False,,,,,,,,,,
BNBUSDT,LONG,1758842156679,False,False,no_trigger,-0.0006330115524608564,False,False,False,,,,,,,,,,
1000PEPEUSDT,SHORT,1758838288578,False,False,no_trigger,0.007929505701744683,False,False,False,,,,,,,,,,
BROCCOLIF3BUSDT,LONG,1758824022788,False,False,no_trigger,0.03744493392070481,False,False,True,,,,,,,,,,
BROCCOLIF3BUSDT,LONG,1758824022788,False,False,no_trigger,0.03744493392070481,False,False,True,,,,,,,,,,
WLFIUSDT,SHORT,1758822890607,False,False,no_trigger,-0.020607934054611043,False,True,True,,,,,,,,,,
STBLUSDT,LONG,1758813495941,False,False,no_trigger,-0.02267869597498139,False,False,False,,,,,,,,,,
UXLINKUSDT,LONG,1758803419484,False,False,no_trigger,-0.020645161290322636,False,False,False,,,,,,,,,,
STBLUSDT,LONG,1758803249381,False,False,no_trigger,-0.04446968373230833,False,False,False,,,,,,,,,,
AVNTUSDT,SHORT,1758792116589,False,False,no_trigger,0.006540481617282666,False,False,False,,,,,,,,,,
MYXUSDT,LONG,1758790290179,False,False,no_confirm,0.09216061185468437,,,,10.942,,,,,,,,,
VELVETUSDT,LONG,1758779394142,False,False,no_trigger,-0.0071736011477761315,False,False,False,,,,,,,,,,
STBLUSDT,LONG,1758771938434,False,False,no_trigger,0.0030902832107651892,False,False,False,,,,,,,,,,
STBLUSDT,LONG,1758761678506,False,False,no_trigger,0.009796682814385277,False,False,False,,,,,,,,,,
XPLUSDT,LONG,1758736263536,,False,no_15m_bar,,,,,,,,,,,,,,
STBLUSDT,LONG,1758731423420,False,False,no_trigger,0.014387669880798785,False,True,False,,,,,,,,,,
STBLUSDT,LONG,1758728760777,False,False,no_trigger,0.010162437368676214,False,False,False,,,,,,,,,,
PUMPUSDT,LONG,1758725142032,False,False,no_trigger,0.004442981734408444,False,False,False,,,,,,,,,,
BTCUSDT,LONG,1758720142199,,False,no_15m_bar,,,,,,,,,,,,,,
AAVEUSDT,SHORT,1758720142199,False,False,no_trigger,-0.0003571301024962176,False,False,False,,,,,,,,,,
WLDUSDT,SHORT,1758720142199,False,False,no_trigger,0.0007455453664356311,False,False,False,,,,,,,,,,
WIFUSDT,SHORT,1758720142199,False,False,no_trigger,-0.00037467216185833267,False,False,False,,,,,,,,,,
STRKUSDT,SHORT,1758720142199,False,False,no_trigger,0.0008090614886731623,False,False,False,,,,,,,,,,
RENDERUSDT,SHORT,1758720142199,False,False,no_trigger,-0.00027285129604362614,False,False,False,,,,,,,,,,
HYPEUSDT,LONG,1758720142199,,False,no_15m_bar,,,,,,,,,,,,,,
WLDUSDT,SHORT,1758720142199,False,False,no_trigger,0.0007455453664356311,False,False,False,,,,,,,,,,
ASTERUSDT,SHORT,1758720142199,,False,no_15m_bar,,,,,,,,,,,,,,
SOLUSDT,SHORT,1758720142179,,False,no_15m_bar,,,,,,,,,,,,,,
XPLUSDT,LONG,1758720142179,,False,no_15m_bar,,,,,,,,,,,,,,
MINAUSDT,SHORT,1758720142179,False,False,no_trigger,0.0,False,False,False,,,,,,,,,,
VIRTUALUSDT,SHORT,1758720142179,False,False,no_trigger,-0.002716899112479726,False,False,False,,,,,,,,,,
XPLUSDT,LONG,1758720142179,,False,no_15m_bar,,,,,,,,,,,,,,
ZROUSDT,LONG,1758720142179,False,False,no_trigger,-0.007432946760399386,False,False,False,,,,,,,,,,
ONDOUSDT,SHORT,1758720142179,False,False,no_trigger,-0.00021482277121384423,False,False,False,,,,,,,,,,
INUSDT,LONG,1758717220549,False,False,no_trigger,-0.0252671617460605,False,False,False,,,,,,,,,,
XPLUSDT,SHORT,1758705021113,,False,no_15m_bar,,,,,,,,,,,,,,
STBLUSDT,LONG,1758700998466,False,False,no_trigger,-0.007156698669955145,False,False,False,,,,,,,,,,
ASTERUSDT,LONG,1758694573992,,False,no_15m_bar,,,,,,,,,,,,,,
HYPEUSDT,SHORT,1758685693816,,False,no_15m_bar,,,,,,,,,,,,,,
XPLUSDT,LONG,1758679943144,,False,no_15m_bar,,,,,,,,,,,,,,
HYPEUSDT,SHORT,1758632447972,,False,no_15m_bar,,,,,,,,,,,,,,
ASTERUSDT,LONG,1758632131130,,False,no_15m_bar,,,,,,,,,,,,,,
BLESSUSDT,SHORT,1758620273620,True,False,no_trigger,0.30040909090909096,False,False,False,,,,,,,,,,
AVNTUSDT,SHORT,1758617358599,False,False,no_trigger,0.0019742362173634093,False,False,False,,,,,,,,,,
ALPHAUSDT,SHORT,1758611925464,False,False,no_trigger,-0.01953657428441617,False,False,False,,,,,,,,,,
ALPHAUSDT,LONG,1758609930663,False,False,no_trigger,0.06681222707423581,True,True,False,,,,,,,,,,
XPLUSDT,LONG,1758608883493,,False,no_15m_bar,,,,,,,,,,,,,,
ALPHAUSDT,SHORT,1758607391409,False,False,no_trigger,-0.04566635601118352,False,False,False,,,,,,,,,,
ALPHAUSDT,LONG,1758604860691,False,False,no_trigger,0.07446808510638299,True,False,False,,,,,,,,,,
UXLINKUSDT,LONG,1758597483730,False,False,no_trigger,-0.0032154340836012298,False,False,False,,,,,,,,,,
UXLINKUSDT,LONG,1758596877695,False,False,no_trigger,0.29045643153526957,True,False,True,,,,,,,,,,
AVNTUSDT,SHORT,1758594248885,False,False,no_trigger,-0.021370474722236996,False,True,False,,,,,,,,,,
TWTUSDT,LONG,1758563318394,False,False,no_trigger,-0.0008145975887912284,False,False,False,,,,,,,,,,
AVNTUSDT,SHORT,1758552400382,False,False,no_trigger,-0.03064066852367687,False,True,False,,,,,,,,,,
AVNTUSDT,SHORT,1758536597071,False,False,no_trigger,-0.00024366471734900923,False,False,False,,,,,,,,,,
HYPEUSDT,SHORT,1758472054594,,False,no_15m_bar,,,,,,,,,,,,,,
XPLUSDT,LONG,1758456482419,,False,no_15m_bar,,,,,,,,,,,,,,
AVNTUSDT,LONG,1758437971466,False,False,no_trigger,0.02654945835553171,False,True,False,,,,,,,,,,
TWTUSDT,LONG,1758429886959,False,False,no_trigger,0.012950163695889442,False,False,False,,,,,,,,,,
TRADOORUSDT,LONG,1758423349827,True,False,no_trigger,0.05837215675527544,False,True,False,,,,,,,,,,
HYPEUSDT,SHORT,1758391613927,,False,no_15m_bar,,,,,,,,,,,,,,
TWTUSDT,LONG,1758390805336,False,False,no_trigger,0.004946784590016444,False,False,False,,,,,,,,,,
XPLUSDT,LONG,1758389512486,,False,no_15m_bar,,,,,,,,,,,,,,
AVNTUSDT,SHORT,1758377172358,False,False,no_trigger,-0.010769902488720817,False,False,False,,,,,,,,,,
AVNTUSDT,SHORT,1758366904588,False,False,no_trigger,0.006577002660360723,False,False,False,,,,,,,,,,
ASTERUSDT,SHORT,1758364850037,,False,no_15m_bar,,,,,,,,,,,,,,
ASTERUSDT,LONG,1758355336671,,False,no_15m_bar,,,,,,,,,,,,,,
ASTERUSDT,LONG,1758330411264,,False,no_15m_bar,,,,,,,,,,,,,,
ASTERUSDT,SHORT,1758305744835,,False,no_15m_bar,,,,,,,,,,,,,,
ASTERUSDT,SHORT,1758285351843,,False,no_15m_bar,,,,,,,,,,,,,,
0GUSDT,LONG,1758277283381,,False,no_15m_bar,,,,,,,,,,,,,,
0GUSDT,LONG,1758235209814,,False,no_15m_bar,,,,,,,,,,,,,,
USELESSUSDT,LONG,1758234873955,True,False,no_trigger,0.003553099091985615,False,False,False,,,,,,,,,,
USELESSUSDT,LONG,1758211131371,True,False,no_trigger,0.0346430080270385,False,True,True,,,,,,,,,,
MYXUSDT,SHORT,1758189863630,False,False,no_trigger,-0.0044489263257800025,False,False,False,,,,,,,,,,
MYXUSDT,LONG,1758182022863,False,False,no_trigger,0.012664907651715103,False,False,False,,,,,,,,,,
MYXUSDT,SHORT,1758169210382,False,False,no_trigger,0.010036381884330708,False,False,False,,,,,,,,,,
HOLOUSDT,LONG,1758151593386,True,False,no_trigger,-0.006079027355622994,False,False,False,,,,,,,,,,
MYXUSDT,SHORT,1758132627760,False,False,no_trigger,-0.019675526406627678,False,False,True,,,,,,,,,,
MYXUSDT,SHORT,1758126699293,False,False,no_trigger,0.018051376996065793,False,False,False,,,,,,,,,,
0GUSDT,SHORT,1758126473137,,False,no_15m_bar,,,,,,,,,,,,,,
0GUSDT,SHORT,1758124035626,,False,no_15m_bar,,,,,,,,,,,,,,
MYXUSDT,SHORT,1757903986384,False,False,no_trigger,-0.03465078505684897,False,False,False,,,,,,,,,,
MOODENGUSDT,SHORT,1757862588281,False,False,no_trigger,-0.018328242154956917,False,False,True,,,,,,,,,,
SKYUSDT,LONG,1757829951442,True,False,no_trigger,0.025301823786283067,False,True,True,,,,,,,,,,
PTBUSDT,LONG,1757828068135,False,False,no_trigger,0.015514592933947725,False,False,False,,,,,,,,,,
MYXUSDT,SHORT,1757821634099,False,False,no_trigger,-0.01688693098384738,False,True,False,,,,,,,,,,
SOMIUSDT,SHORT,1757815714212,False,False,no_trigger,-0.00919273850907688,False,False,False,,,,,,,,,,
BSWUSDT,LONG,1757813993024,False,False,no_trigger,0.000300210147103064,False,False,False,,,,,,,,,,
MOODENGUSDT,LONG,1757755839102,False,False,no_trigger,-0.015989195312159657,False,False,False,,,,,,,,,,
PTBUSDT,LONG,1757729603382,False,False,no_trigger,-0.012883435582821987,False,False,False,,,,,,,,,,
MYXUSDT,SHORT,1757729506960,False,False,no_trigger,-0.013619919131730168,False,False,False,,,,,,,,,,
OGUSDT,LONG,1757728924959,False,False,no_trigger,0.011896853674738762,False,False,False,,,,,,,,,,
PTBUSDT,LONG,1757684909431,False,False,no_trigger,0.010250777960827476,False,True,False,,,,,,,,,,
OGUSDT,LONG,1757664071383,False,False,no_trigger,0.06209875102136104,True,False,False,,,,,,,,,,
MYXUSDT,LONG,1757661978575,False,False,no_trigger,0.01871223442271459,False,False,False,,,,,,,,,,
SOMIUSDT,SHORT,1757605280751,False,False,no_trigger,-0.006406833956219974,False,False,False,,,,,,,,,,
LINEAUSDT,SHORT,1757605229726,False,False,no_trigger,0.0017286084701814335,False,False,False,,,,,,,,,,
HOLOUSDT,SHORT,1757600232558,True,False,no_trigger,-0.016586730615507545,False,False,False,,,,,,,,,,
MYXUSDT,SHORT,1757593855611,False,False,no_trigger,-0.012106389483338453,False,False,False,,,,,,,,,,
LINEAUSDT,SHORT,1757590614135,False,False,no_trigger,-0.01208333333333342,False,False,False,,,,,,,,,,
MYXUSDT,SHORT,1757568003219,False,False,no_trigger,0.002751595339851332,False,False,False,,,,,,,,,,
MYXUSDT,LONG,1757554130770,False,False,no_trigger,0.06501864549500778,True,True,False,,,,,,,,,,
OGUSDT,LONG,1757553844389,False,False,no_trigger,0.027397835025593634,False,False,False,,,,,,,,,,
LINEAUSDT,LONG,1757522409827,False,False,no_trigger,-0.012561060711793533,False,False,True,,,,,,,,,,
LINEAUSDT,LONG,1757518964464,False,False,no_trigger,0.0003360215053763304,False,False,True,,,,,,,,,,
BAKEUSDT,SHORT,1757508702402,False,False,no_trigger,0.06089309878213808,False,False,False,,,,,,,,,,
BAKEUSDT,SHORT,1757506136453,False,False,no_trigger,-0.08133704735376046,True,False,False,,,,,,,,,,
SOMIUSDT,SHORT,1757503349379,False,False,no_trigger,0.003148048210109785,False,False,False,,,,,,,,,,
BSWUSDT,LONG,1757500042872,False,True,ok,0.14474599860821144,,,,0.02888,True,0.0329,0.02888,1757500200000.0,1757500200000.0,stop,-1.0,0.004019999999999999,0.02888
LINEAUSDT,LONG,1757490096443,False,False,no_trigger,0.007947976878612768,False,False,True,,,,,,,,,,
MYXUSDT,LONG,1757476221888,False,False,no_trigger,-0.006161796859471284,False,False,False,,,,,,,,,,
BAKEUSDT,LONG,1757473368526,False,False,no_trigger,-0.016279069767441843,False,False,True,,,,,,,,,,
MYXUSDT,LONG,1757435129943,False,False,no_trigger,0.02631117962372548,False,False,False,,,,,,,,,,
MYXUSDT,SHORT,1757434469533,False,False,no_trigger,-0.029531273908090953,False,False,False,,,,,,,,,,
MYXUSDT,SHORT,1757432694907,False,False,no_trigger,-0.0376412199544377,False,False,False,,,,,,,,,,
MYXUSDT,LONG,1757431343420,False,False,no_trigger,0.02097653261533534,False,False,False,,,,,,,,,,
MYXUSDT,LONG,1757424431657,False,False,no_trigger,-0.02355406051994371,False,False,True,,,,,,,,,,
SAPIENUSDT,SHORT,1757414073542,,False,no_15m_bar,,,,,,,,,,,,,,
OPENUSDT,SHORT,1757414037012,True,False,no_trigger,-0.012065521374350869,False,False,False,,,,,,,,,,
SOMIUSDT,SHORT,1757413804951,False,False,no_trigger,-0.004624093119668363,False,False,False,,,,,,,,,,
MYXUSDT,LONG,1757401811317,True,False,no_trigger,0.1622753672210667,True,True,False,,,,,,,,,,
OGUSDT,LONG,1757396110416,False,False,no_trigger,0.024093368062512607,False,True,False,,,,,,,,,,
LINEAUSDT,LONG,1757385386380,False,False,no_trigger,-0.0027952480782669534,False,False,False,,,,,,,,,,
SOMIUSDT,SHORT,1757369501953,False,False,no_trigger,-0.005511863951065393,False,False,False,,,,,,,,,,
MYXUSDT,SHORT,1757365415076,True,False,no_trigger,-0.03147138964577647,False,False,False,,,,,,,,,,
SAPIENUSDT,SHORT,1757352339018,,False,no_15m_bar,,,,,,,,,,,,,,
SOMIUSDT,SHORT,1757352291450,False,False,no_trigger,0.025934744835575004,False,False,False,,,,,,,,,,
LINEAUSDT,LONG,1757344441754,False,False,no_trigger,0.02693487896351867,False,False,False,,,,,,,,,,
TAUSDT,LONG,1757332953889,False,False,no_trigger,0.2216066481994459,True,True,False,,,,,,,,,,
SOMIUSDT,SHORT,1757328780245,False,False,no_trigger,-0.026013986013986006,False,False,True,,,,,,,,,,
SAPIENUSDT,SHORT,1757328753379,,False,no_15m_bar,,,,,,,,,,,,,,
MYXUSDT,SHORT,1757328012375,True,False,no_trigger,0.11012584079019117,False,False,True,,,,,,,,,,
TAUSDT,LONG,1757321132163,False,False,no_trigger,0.0484401071952268,False,True,False,,,,,,,,,,
SOMIUSDT,SHORT,1757319654126,False,False,no_trigger,-0.00971053933696193,False,False,False,,,,,,,,,,
SOMIUSDT,SHORT,1757301840378,False,False,no_trigger,0.033300753979335435,False,False,False,,,,,,,,,,
SAPIENUSDT,SHORT,1757301783387,,False,no_15m_bar,,,,,,,,,,,,,,
PTBUSDT,SHORT,1757301764376,True,False,no_trigger,0.004313725490196175,False,False,False,,,,,,,,,,
NMRUSDT,SHORT,1757301749382,False,False,no_trigger,0.002268392019384466,False,False,False,,,,,,,,,,
PTBUSDT,LONG,1757291283661,True,False,no_trigger,-0.005913879135095192,False,False,False,,,,,,,,,,
CUDISUSDT,LONG,1757291123468,False,False,no_confirm,0.09292595115306027,,,,0.1044,,,,,,,,,
EIGENUSDT,SHORT,1757258161885,False,False,no_trigger,-0.010462321504312276,False,False,True,,,,,,,,,,
NMRUSDT,SHORT,1757258064705,False,False,no_trigger,-0.011038635223281428,False,False,False,,,,,,,,,,
EIGENUSDT,LONG,1757148340315,False,False,no_trigger,-0.01881559220389814,False,False,True,,,,,,,,,,
WLFIUSDT,LONG,1757129522372,False,False,no_trigger,0.0010952902519166371,False,False,False,,,,,,,,,,
PTBUSDT,LONG,1757120565498,True,False,no_trigger,-0.009108159392789266,False,False,False,,,,,,,,,,
REDUSDT,LONG,1757061853189,False,False,no_trigger,-0.003982843137254973,False,False,False,,,,,,,,,,
XPLUSDT,LONG,1757060256798,,False,no_15m_bar,,,,,,,,,,,,,,
XPLUSDT,LONG,1757043730382,,False,no_15m_bar,,,,,,,,,,,,,,
NEIROETHUSDT,SHORT,1757041083551,False,False,no_trigger,-0.0030548545623588007,False,False,False,,,,,,,,,,
BASUSDT,LONG,1756990024591,,False,no_15m_bar,,,,,,,,,,,,,,
QTUMUSDT,LONG,1756989897634,False,False,no_trigger,0.009520451339915421,False,True,True,,,,,,,,,,
WLFIUSDT,SHORT,1756958899980,False,False,no_trigger,-0.024679639297579544,False,True,True,,,,,,,,,,
NEIROETHUSDT,SHORT,1756954986045,False,True,ok,-0.05893383337798019,,,,0.0737,True,0.07026,0.06713,1756955700000.0,1756985100000.0,stop,0.9098837209302352,0.0034399999999999986,0.0737
QTUMUSDT,LONG,1756944799104,False,False,no_trigger,0.03268219383921871,False,True,True,,,,,,,,,,
TAUSDT,LONG,1756899214412,False,False,no_trigger,-0.15792171183291692,False,False,True,,,,,,,,,,
BASUSDT,LONG,1756889764925,,False,no_15m_bar,,,,,,,,,,,,,,
LEVERUSDT,SHORT,1756887766055,False,False,no_trigger,-0.130746520455504,True,False,True,,,,,,,,,,
LEVERUSDT,LONG,1756872093514,False,False,no_trigger,0.03464755077658307,False,False,False,,,,,,,,,,
LEVERUSDT,SHORT,1756868823377,False,False,no_trigger,-0.01853077432164121,False,False,False,,,,,,,,,,
LEVERUSDT,LONG,1756795957345,False,False,no_trigger,0.10970797158642473,True,False,True,,,,,,,,,,
XPLUSDT,LONG,1756774204936,,False,no_15m_bar,,,,,,,,,,,,,,
WLFIUSDT,SHORT,1756762800416,True,False,no_trigger,-0.01819795827785172,False,False,False,,,,,,,,,,
WLFIUSDT,SHORT,1756726581289,True,False,no_trigger,-0.051343080584834916,False,True,False,,,,,,,,,,
LEVERUSDT,LONG,1756726442368,False,False,no_trigger,-0.002770083102493142,False,False,False,,,,,,,,,,
DOLOUSDT,SHORT,1756700832373,False,False,no_trigger,0.007576871698714422,False,False,False,,,,,,,,,,
WLFIUSDT,SHORT,1756699960483,True,False,no_trigger,-0.027442371020856227,False,False,False,,,,,,,,,,
MUSDT,LONG,1756548564056,False,False,no_trigger,-0.04174045029091819,False,False,False,,,,,,,,,,
MUSDT,SHORT,1756545150279,False,False,no_trigger,-0.09983859810929202,True,False,True,,,,,,,,,,
XPLUSDT,SHORT,1756462241579,,False,no_15m_bar,,,,,,,,,,,,,,
WLFIUSDT,SHORT,1756454140662,True,False,no_trigger,-0.00854408749145592,False,False,False,,,,,,,,,,
XPLUSDT,LONG,1756438491001,,False,no_15m_bar,,,,,,,,,,,,,,
USELESSUSDT,LONG,1756381872383,,False,no_15m_bar,,,,,,,,,,,,,,
TREEUSDT,LONG,1756357229616,False,True,ok,0.6854504934734161,,,,0.3157,True,0.5297,0.3157,1756358100000.0,1756706700000.0,stop,-1.0,0.21399999999999997,0.3157
XPLUSDT,LONG,1756251113424,,False,no_15m_bar,,,,,,,,,,,,,,
XPLUSDT,LONG,1756196610044,,False,no_15m_bar,,,,,,,,,,,,,,
PROMPTUSDT,SHORT,1756139607915,False,False,no_trigger,0.014640883977900627,False,False,False,,,,,,,,,,
AIOTUSDT,LONG,1756131876067,False,False,no_trigger,0.018928901200369438,False,True,True,,,,,,,,,,
PROMPTUSDT,SHORT,1756097587693,False,False,no_trigger,-0.01503990178023315,False,False,False,,,,,,,,,,
AIOTUSDT,LONG,1756097486751,False,False,no_trigger,0.004307927302235112,False,False,False,,,,,,,,,,
USELESSUSDT,LONG,1756090863015,,False,no_15m_bar,,,,,,,,,,,,,,
AIOTUSDT,LONG,1756048186876,False,False,no_trigger,0.010176369788863573,False,False,False,,,,,,,,,,
XPLUSDT,LONG,1756019004718,,False,no_15m_bar,,,,,,,,,,,,,,
XPLUSDT,LONG,1755989617817,,False,no_15m_bar,,,,,,,,,,,,,,
API3USDT,SHORT,1755967093865,False,False,no_trigger,-0.00191152375750965,False,False,False,,,,,,,,,,
FHEUSDT,LONG,1755942409590,False,False,no_trigger,-0.015061023110880218,False,False,False,,,,,,,,,,
FHEUSDT,LONG,1755940033781,False,False,no_trigger,0.23365204967578856,True,False,False,,,,,,,,,,
XPLUSDT,SHORT,1755936972860,,False,no_15m_bar,,,,,,,,,,,,,,
USELESSUSDT,LONG,1755927707487,,False,no_15m_bar,,,,,,,,,,,,,,
FHEUSDT,LONG,1755921152427,False,False,no_trigger,0.0045618502015701235,False,False,False,,,,,,,,,,
AIOTUSDT,LONG,1755871280618,False,False,no_trigger,0.033076727275229,False,True,False,,,,,,,,,,
CUDISUSDT,LONG,1755871256717,True,False,no_trigger,0.07448370363120295,False,True,False,,,,,,,,,,
XPLUSDT,LONG,1755856750916,,False,no_15m_bar,,,,,,,,,,,,,,
AIOTUSDT,SHORT,1755841023697,False,False,no_trigger,0.0015254472333934128,False,False,False,,,,,,,,,,
MYXUSDT,LONG,1755827636699,,False,no_15m_bar,,,,,,,,,,,,,,
CUDISUSDT,LONG,1755817742703,True,False,no_trigger,0.007467266775777358,False,False,False,,,,,,,,,,
MYXUSDT,LONG,1755816514387,,False,no_15m_bar,,,,,,,,,,,,,,
STGUSDT,LONG,1755706971608,False,False,no_trigger,0.0179171332586785,False,True,True,,,,,,,,,,
USELESSUSDT,LONG,1755664150778,,False,no_15m_bar,,,,,,,,,,,,,,
AIOTUSDT,LONG,1755657739799,False,False,no_trigger,0.013273054691533698,False,False,False,,,,,,,,,,
MYXUSDT,SHORT,1755612987836,,False,no_15m_bar,,,,,,,,,,,,,,
API3USDT,SHORT,1755599675427,False,False,no_trigger,-0.0016421484775914867,False,False,False,,,,,,,,,,
API3USDT,SHORT,1755589234768,False,False,no_trigger,0.6716967680608366,False,False,True,,,,,,,,,,
AIOTUSDT,LONG,1755585869333,False,False,no_trigger,0.007912894853453175,False,False,False,,,,,,,,,,
MYXUSDT,SHORT,1755435191253,,False,no_15m_bar,,,,,,,,,,,,,,
XNYUSDT,SHORT,1755399381971,True,False,no_trigger,-0.013655725382109641,False,True,False,,,,,,,,,,
MYXUSDT,LONG,1755385713571,,False,no_15m_bar,,,,,,,,,,,,,,
USELESSUSDT,LONG,1755383580225,,False,no_15m_bar,,,,,,,,,,,,,,
USELESSUSDT,LONG,1755328531105,,False,no_15m_bar,,,,,,,,,,,,,,
XNYUSDT,LONG,1755315819708,True,False,no_trigger,0.014232624337787585,False,False,False,,,,,,,,,,
MYXUSDT,LONG,1755315807707,,False,no_15m_bar,,,,,,,,,,,,,,
ETHUSDT,SHORT,1755272626760,,False,no_15m_bar,,,,,,,,,,,,,,
XNYUSDT,SHORT,1755270588883,True,False,no_trigger,-0.026698906856077738,False,False,False,,,,,,,,,,
MYXUSDT,LONG,1755267460551,,False,no_15m_bar,,,,,,,,,,,,,,
XNYUSDT,LONG,1755266784327,True,False,no_trigger,0.005274767430708688,False,False,False,,,,,,,,,,
XNYUSDT,LONG,1755260866268,True,False,no_trigger,0.019477242910485464,False,False,False,,,,,,,,,,
MYXUSDT,LONG,1755183167706,,False,no_15m_bar,,,,,,,,,,,,,,
SOONUSDT,SHORT,1755093046234,False,False,no_trigger,0.012675018422991888,False,False,False,,,,,,,,,,
MYXUSDT,LONG,1755088063760,,False,no_15m_bar,,,,,,,,,,,,,,
MYXUSDT,LONG,1755076663647,,False,no_15m_bar,,,,,,,,,,,,,,
SOONUSDT,SHORT,1755054863274,False,False,no_trigger,-0.019497213058810196,False,False,False,,,,,,,,,,
SOONUSDT,SHORT,1755018126748,False,False,no_trigger,0.021022067363530784,False,False,False,,,,,,,,,,
PROVEUSDT,SHORT,1755005543295,,False,no_15m_bar,,,,,,,,,,,,,,
SOONUSDT,SHORT,1754975946137,False,False,no_trigger,-0.019859788190671003,False,True,False,,,,,,,,,,
UNIUSDT,LONG,1754928145531,,False,no_15m_bar,,,,,,,,,,,,,,
MEMEFIUSDT,SHORT,1754894500949,False,False,no_trigger,0.022777369581190296,False,False,False,,,,,,,,,,
GRIFFAINUSDT,SHORT,1754884056592,False,False,no_trigger,0.0015955325089749438,False,False,False,,,,,,,,,,
MEMEFIUSDT,SHORT,1754877209164,False,False,no_trigger,-0.011974110032362366,False,False,False,,,,,,,,,,
MEMEFIUSDT,LONG,1754797890490,False,False,no_trigger,0.017533252720677114,False,True,False,,,,,,,,,,
1000000BOBUSDT,LONG,1754792286721,False,False,no_trigger,-0.01122394441475142,False,False,False,,,,,,,,,,
TOWNSUSDT,LONG,1754759774940,True,False,no_trigger,-0.002990430622009448,False,False,False,,,,,,,,,,
1000000BOBUSDT,LONG,1754758977470,False,True,ok,0.09652554072710548,,,,0.08785,True,0.09528,0.08785,1754759700000.0,1754761500000.0,stop,-1.0,0.007430000000000006,0.08785
MEMEFIUSDT,LONG,1754748399432,False,False,no_trigger,0.08320906650760505,True,True,False,,,,,,,,,,
MEMEFIUSDT,SHORT,1754733867674,False,False,no_trigger,-0.03468208092485546,False,False,False,,,,,,,,,,
MEMEFIUSDT,LONG,1754720617129,False,False,no_trigger,-0.044536817102137756,False,False,False,,,,,,,,,,
TOWNSUSDT,LONG,1754718833613,True,False,no_trigger,-0.0003080714725817332,False,False,False,,,,,,,,,,
MEMEFIUSDT,SHORT,1754713835899,False,False,no_trigger,0.0459421641791045,False,False,False,,,,,,,,,,
TOWNSUSDT,LONG,1754711683214,True,False,no_trigger,0.005277864017385797,False,False,False,,,,,,,,,,
MEMEFIUSDT,SHORT,1754675453308,False,False,no_trigger,0.03384718498659516,False,False,False,,,,,,,,,,
MEMEFIUSDT,LONG,1754673474552,False,False,no_trigger,0.05887821506042767,True,False,False,,,,,,,,,,
MYXUSDT,SHORT,1754643787460,,False,no_15m_bar,,,,,,,,,,,,,,
TOWNSUSDT,LONG,1754637516982,True,False,no_trigger,-0.02636203866432332,False,False,False,,,,,,,,,,
MYXUSDT,SHORT,1754578899386,,False,no_15m_bar,,,,,,,,,,,,,,
MYXUSDT,SHORT,1754577395576,,False,no_15m_bar,,,,,,,,,,,,,,
MYXUSDT,LONG,1754576867768,,False,no_15m_bar,,,,,,,,,,,,,,
MYXUSDT,LONG,1754561127729,,False,no_15m_bar,,,,,,,,,,,,,,
MYXUSDT,LONG,1754548141959,,False,no_15m_bar,,,,,,,,,,,,,,
OMNIUSDT,LONG,1754546400388,False,False,no_trigger,0.04751282623243366,False,True,True,,,,,,,,,,
MEMEFIUSDT,LONG,1754544732521,False,True,ok,0.16888045540796975,,,,0.005048,True,0.005548,0.005048,1754545500000.0,1754548500000.0,stop,-1.0,0.0004999999999999996,0.005048
MYXUSDT,LONG,1754529953877,,False,no_15m_bar,,,,,,,,,,,,,,
MYXUSDT,SHORT,1754518203057,,False,no_15m_bar,,,,,,,,,,,,,,
MEMEFIUSDT,LONG,1754518063561,False,False,no_trigger,-0.02971805943611896,False,False,False,,,,,,,,,,
MYXUSDT,SHORT,1754498969896,,False,no_15m_bar,,,,,,,,,,,,,,
MEMEFIUSDT,LONG,1754497321829,False,False,no_trigger,0.21596066565809374,True,True,False,,,,,,,,,,
MYXUSDT,LONG,1754496693927,,False,no_15m_bar,,,,,,,,,,,,,,
OMNIUSDT,LONG,1754496517815,False,True,ok,0.08373091603053434,,,,4.192,True,4.543,4.192,1754496900000.0,1754499900000.0,stop,-1.0,0.351,4.192
MYXUSDT,SHORT,1754493683024,,False,no_15m_bar,,,,,,,,,,,,,,
MEMEFIUSDT,LONG,1754482832633,False,False,no_trigger,0.0861408882082695,True,True,False,,,,,,,,,,
MYXUSDT,LONG,1754482657481,,False,no_15m_bar,,,,,,,,,,,,,,
MYXUSDT,SHORT,1754481118070,,False,no_15m_bar,,,,,,,,,,,,,,
MEMEFIUSDT,LONG,1754480707530,False,False,no_trigger,-0.0043687199650500625,False,False,False,,,,,,,,,,
MYXUSDT,LONG,1754471909288,,False,no_15m_bar,,,,,,,,,,,,,,
MYXUSDT,LONG,1754467803654,,False,no_15m_bar,,,,,,,,,,,,,,
MYXUSDT,LONG,1754458849743,,False,no_15m_bar,,,,,,,,,,,,,,
MYXUSDT,SHORT,1754456313405,,False,no_15m_bar,,,,,,,,,,,,,,
MYXUSDT,SHORT,1754351515927,,False,no_15m_bar,,,,,,,,,,,,,,
MYXUSDT,SHORT,1754329680938,,False,no_15m_bar,,,,,,,,,,,,,,
MYXUSDT,SHORT,1754326400048,,False,no_15m_bar,,,,,,,,,,,,,,
SPKUSDT,SHORT,1754318860617,False,False,no_trigger,-0.019540493092130212,False,False,False,,,,,,,,,,
ETHUSDT,LONG,1754315901214,,False,no_15m_bar,,,,,,,,,,,,,,
SPKUSDT,SHORT,1754306403665,False,False,no_trigger,-0.007702182284980765,False,False,False,,,,,,,,,,
SOLUSDT,SHORT,1754206047708,,False,no_15m_bar,,,,,,,,,,,,,,
VICUSDT,LONG,1754202435019,False,False,no_trigger,0.031791907514450976,False,True,True,,,,,,,,,,
VINEUSDT,SHORT,1754101761082,False,False,no_trigger,0.008918144176664268,False,False,False,,,,,,,,,,
ZORAUSDT,SHORT,1754101680370,,False,no_15m_bar,,,,,,,,,,,,,,
TONUSDT,LONG,1754088082733,False,False,no_trigger,-0.0057645030941818,False,False,False,,,,,,,,,,
ARBUSDT,SHORT,1754070213218,False,False,no_trigger,-0.0023523261892316044,False,False,False,,,,,,,,,,
BNBUSDT,LONG,1754070152350,,False,no_15m_bar,,,,,,,,,,,,,,
OMNIUSDT,LONG,1754058918794,False,False,no_trigger,-0.004985909386516491,False,False,False,,,,,,,,,,
ETHUSDT,LONG,1754058890052,,False,no_15m_bar,,,,,,,,,,,,,,
SPKUSDT,SHORT,1754051296976,False,False,no_trigger,-0.0063829787234042906,False,True,False,,,,,,,,,,
BTCUSDT,LONG,1754010571783,,False,no_15m_bar,,,,,,,,,,,,,,
ETHUSDT,LONG,1753979791864,,False,no_15m_bar,,,,,,,,,,,,,,
XRPUSDT,LONG,1753972044864,,False,no_15m_bar,,,,,,,,,,,,,,
1000PEPEUSDT,SHORT,1753972033595,,False,no_15m_bar,,,,,,,,,,,,,,
WIFUSDT,SHORT,1753972027222,,False,no_15m_bar,,,,,,,,,,,,,,
OMNIUSDT,SHORT,1753968063286,False,False,no_trigger,0.0021408691928922687,False,False,False,,,,,,,,,,
BTCUSDT,LONG,1753942091869,,False,no_15m_bar,,,,,,,,,,,,,,
ETHUSDT,LONG,1753930067464,,False,no_15m_bar,,,,,,,,,,,,,,
PENGUUSDT,SHORT,1753920048779,,False,no_15m_bar,,,,,,,,,,,,,,
OMNIUSDT,SHORT,1753920038782,False,False,no_trigger,-0.03159173754556495,False,True,False,,,,,,,,,,
SOLUSDT,SHORT,1753913842841,,False,no_15m_bar,,,,,,,,,,,,,,
SOLUSDT,SHORT,1753913842841,,False,no_15m_bar,,,,,,,,,,,,,,
ENAUSDT,LONG,1753910418154,,False,no_15m_bar,,,,,,,,,,,,,,
ETHUSDT,LONG,1753902325983,,False,no_15m_bar,,,,,,,,,,,,,,
ETHUSDT,LONG,1753902325983,,False,no_15m_bar,,,,,,,,,,,,,,
SPXUSDT,LONG,1753901323627,,False,no_15m_bar,,,,,,,,,,,,,,
PENGUUSDT,SHORT,1753873253272,,False,no_15m_bar,,,,,,,,,,,,,,
1000BONKUSDT,SHORT,1753873246426,False,False,no_trigger,0.003609850244826491,False,False,False,,,,,,,,,,
OMNIUSDT,SHORT,1753873234450,False,False,no_trigger,-0.01600474214582089,False,False,False,,,,,,,,,,
OMNIUSDT,SHORT,1753856473787,False,False,no_trigger,-0.024770821142968556,False,False,False,,,,,,,,,,
ZORAUSDT,SHORT,1753841419613,,False,no_15m_bar,,,,,,,,,,,,,,
OMNIUSDT,SHORT,1753841369398,False,False,no_trigger,-0.002473716759430956,False,False,False,,,,,,,,,,
VINEUSDT,LONG,1753840275974,False,False,no_trigger,0.006406913506667658,False,False,False,,,,,,,,,,
ENAUSDT,LONG,1753840234977,,False,no_15m_bar,,,,,,,,,,,,,,
SPXUSDT,LONG,1753821305074,,False,no_15m_bar,,,,,,,,,,,,,,
SPXUSDT,LONG,1753821305074,,False,no_15m_bar,,,,,,,,,,,,,,
1000BONKUSDT,SHORT,1753807177600,False,False,no_trigger,0.006614067483632793,False,False,False,,,,,,,,,,
PENGUUSDT,SHORT,1753807168370,,False,no_15m_bar,,,,,,,,,,,,,,
BNBUSDT,LONG,1753802329828,,False,no_15m_bar,,,,,,,,,,,,,,
PUMPUSDT,LONG,1753795211437,,False,no_15m_bar,,,,,,,,,,,,,,
OMNIUSDT,SHORT,1753779247449,False,False,no_trigger,1.1497713414634145,False,False,True,,,,,,,,,,
ETHUSDT,LONG,1753660404697,,False,no_15m_bar,,,,,,,,,,,,,,
PENGUUSDT,LONG,1753639227938,,False,no_15m_bar,,,,,,,,,,,,,,
SUSDT,SHORT,1753613312973,False,False,no_trigger,0.004790419161676617,False,False,False,,,,,,,,,,
APTUSDT,SHORT,1753613283938,,False,no_15m_bar,,,,,,,,,,,,,,
SUIUSDT,LONG,1753613208997,,False,no_15m_bar,,,,,,,,,,,,,,
SPKUSDT,SHORT,1753584376074,False,False,no_trigger,0.015460729746444047,False,False,False,,,,,,,,,,
CUSDT,LONG,1753581601788,False,False,no_trigger,0.010366060332165718,False,False,False,,,,,,,,,,
VINEUSDT,LONG,1753581581531,False,False,no_trigger,0.009286556603773668,False,False,False,,,,,,,,,,
CUSDT,LONG,1753528886168,False,False,no_trigger,0.008016438039011387,False,True,False,,,,,,,,,,
CUSDT,LONG,1753528886168,False,False,no_trigger,0.008016438039011387,False,True,False,,,,,,,,,,
ETHUSDT,LONG,1753458956484,,False,no_15m_bar,,,,,,,,,,,,,,
BTCUSDT,LONG,1753435001775,,False,no_15m_bar,,,,,,,,,,,,,,
ORDIUSDT,SHORT,1753416329016,False,False,no_trigger,-0.006146672318779126,False,False,False,,,,,,,,,,
ORDIUSDT,SHORT,1753416329016,False,False,no_trigger,-0.006146672318779126,False,False,False,,,,,,,,,,
ORDIUSDT,SHORT,1753416329016,False,False,no_trigger,-0.006146672318779126,False,False,False,,,,,,,,,,
SPXUSDT,LONG,1753410968506,,False,no_15m_bar,,,,,,,,,,,,,,
PENGUUSDT,SHORT,1753410815128,,False,no_15m_bar,,,,,,,,,,,,,,
SYRUPUSDT,SHORT,1753410090724,False,False,no_trigger,0.20808702791461406,False,False,True,,,,,,,,,,
VINEUSDT,SHORT,1753409279583,False,False,no_trigger,-0.0206219312602292,False,False,False,,,,,,,,,,
SPXUSDT,LONG,1753399872635,,False,no_15m_bar,,,,,,,,,,,,,,
CUSDT,SHORT,1753394791520,False,False,no_trigger,-0.016785735029331336,False,False,False,,,,,,,,,,
SPKUSDT,SHORT,1753380052897,False,False,no_trigger,0.02229735904231013,False,False,False,,,,,,,,,,
1000BONKUSDT,SHORT,1753374100793,False,False,no_trigger,-0.024559751910510547,False,False,False,,,,,,,,,,
DOGEUSDT,LONG,1753369672996,,False,no_15m_bar,,,,,,,,,,,,,,
SPXUSDT,LONG,1753369658013,,False,no_15m_bar,,,,,,,,,,,,,,
VINEUSDT,SHORT,1753368243366,False,False,no_trigger,0.056656392191398834,False,False,False,,,,,,,,,,
VINEUSDT,SHORT,1753362661955,False,False,no_trigger,-0.11707897870088649,True,False,True,,,,,,,,,,
VINEUSDT,LONG,1753360122428,False,True,ok,0.8768498942917549,,,,0.03851,True,0.06439,0.14672,1753497000000.0,1753703400000.0,stop,3.1812210200927353,0.02588,0.03851
NEWTUSDT,LONG,1753359084777,False,False,no_trigger,-0.0245964642582629,False,False,False,,,,,,,,,,
NEWTUSDT,LONG,1753354155986,False,False,no_trigger,-0.00873743993010049,False,False,False,,,,,,,,,,
SPKUSDT,SHORT,1753340633942,False,False,no_trigger,0.04424438288704221,False,False,False,,,,,,,,,,
SPXUSDT,LONG,1753339405260,,False,no_15m_bar,,,,,,,,,,,,,,
SAHARAUSDT,SHORT,1753324515415,False,False,no_trigger,-0.030017473789315907,False,False,False,,,,,,,,,,
CUSDT,SHORT,1753318152293,False,False,no_trigger,0.007774898185857055,False,False,False,,,,,,,,,,
SPKUSDT,SHORT,1753318113870,False,False,no_trigger,-0.007354238983350009,False,False,False,,,,,,,,,,
EPICUSDT,LONG,1753317786773,False,False,no_trigger,0.0011076159673917623,False,False,False,,,,,,,,,,
AAVEUSDT,SHORT,1753303054871,,False,no_15m_bar,,,,,,,,,,,,,,
SPXUSDT,LONG,1753294059890,,False,no_15m_bar,,,,,,,,,,,,,,
SPKUSDT,SHORT,1753289012601,False,False,no_trigger,0.021132075471698125,False,False,False,,,,,,,,,,
CUSDT,SHORT,1753288553556,False,False,no_trigger,-0.01578142723282541,False,False,False,,,,,,,,,,
SPKUSDT,SHORT,1753288007826,False,False,no_trigger,0.02112088335366255,False,False,False,,,,,,,,,,
SPKUSDT,SHORT,1753286560925,False,False,no_trigger,0.07139418116789326,False,False,False,,,,,,,,,,
CUSDT,SHORT,1753282363668,False,False,no_trigger,-0.004230660752288506,False,False,False,,,,,,,,,,
PUMPUSDT,LONG,1753281135780,,False,no_15m_bar,,,,,,,,,,,,,,
1000BONKUSDT,LONG,1753280933781,False,False,no_trigger,0.009271244092592116,False,False,False,,,,,,,,,,
DOGEUSDT,LONG,1753278254144,,False,no_15m_bar,,,,,,,,,,,,,,
CUSDT,SHORT,1753277593776,False,False,no_trigger,-0.0008247532391517732,False,False,False,,,,,,,,,,
SPKUSDT,SHORT,1753277264687,False,False,no_trigger,-0.061896686668405934,True,False,False,,,,,,,,,,
VIRTUALUSDT,SHORT,1753260907835,,False,no_15m_bar,,,,,,,,,,,,,,
BUSDT,SHORT,1753260615945,False,False,no_trigger,0.0024303942242396583,False,False,False,,,,,,,,,,
MOODENGUSDT,SHORT,1753260607521,,False,no_15m_bar,,,,,,,,,,,,,,
PENGUUSDT,SHORT,1753260585025,,False,no_15m_bar,,,,,,,,,,,,,,
PUMPUSDT,SHORT,1753260575250,,False,no_15m_bar,,,,,,,,,,,,,,
PIPPINUSDT,LONG,1753247859780,False,False,no_trigger,-0.029884318766066738,False,False,False,,,,,,,,,,
ETHUSDT,LONG,1753236468949,,False,no_15m_bar,,,,,,,,,,,,,,
SYNUSDT,LONG,1753233929571,False,False,no_trigger,0.017609391675560283,False,False,False,,,,,,,,,,
ETHUSDT,LONG,1753233643631,,False,no_15m_bar,,,,,,,,,,,,,,
DIAUSDT,LONG,1753199732582,False,False,no_trigger,0.020751542344363428,False,True,False,,,,,,,,,,
EPICUSDT,LONG,1753192698996,False,False,no_trigger,0.018963284741656525,False,False,False,,,,,,,,,,
AVAXUSDT,LONG,1753183641027,,False,no_15m_bar,,,,,,,,,,,,,,
DIAUSDT,LONG,1753168438251,False,False,no_trigger,-0.012876764593666604,False,False,False,,,,,,,,,,
WIFUSDT,LONG,1753148998434,,False,no_15m_bar,,,,,,,,,,,,,,
PNUTUSDT,LONG,1753148981633,False,False,no_trigger,0.010603168832742595,False,True,False,,,,,,,,,,
XTZUSDT,LONG,1753148291259,False,False,no_trigger,0.009221311475409845,False,False,False,,,,,,,,,,
PUMPUSDT,SHORT,1753145881603,,False,no_15m_bar,,,,,,,,,,,,,,
ETHUSDT,LONG,1753144369437,,False,no_15m_bar,,,,,,,,,,,,,,
PUMPUSDT,SHORT,1753112705343,,False,no_15m_bar,,,,,,,,,,,,,,
ETHUSDT,LONG,1753109268413,,False,no_15m_bar,,,,,,,,,,,,,,
ENAUSDT,LONG,1753106413293,,False,no_15m_bar,,,,,,,,,,,,,,
ENAUSDT,LONG,1753105493556,,False,no_15m_bar,,,,,,,,,,,,,,
ETHUSDT,LONG,1753105167229,,False,no_15m_bar,,,,,,,,,,,,,,
ENAUSDT,LONG,1753104454217,,False,no_15m_bar,,,,,,,,,,,,,,
ANIMEUSDT,LONG,1753098405813,False,False,no_trigger,-0.0028056112224449144,False,False,True,,,,,,,,,,
CFXUSDT,SHORT,1753091094280,False,False,no_trigger,-0.009684091763821016,False,False,False,,,,,,,,,,
TAUSDT,SHORT,1753083997831,,False,no_15m_bar,,,,,,,,,,,,,,
PENGUUSDT,SHORT,1753082533336,,False,no_15m_bar,,,,,,,,,,,,,,
CKBUSDT,SHORT,1753077381863,False,False,no_trigger,0.016596841766032978,False,False,False,,,,,,,,,,
DOGEUSDT,LONG,1753063989043,,False,no_15m_bar,,,,,,,,,,,,,,
EPICUSDT,LONG,1753046901328,False,False,no_trigger,0.012299361825565673,False,False,False,,,,,,,,,,
EPICUSDT,LONG,1753017184252,False,False,no_trigger,0.04351988858908525,False,True,True,,,,,,,,,,
ETHUSDT,LONG,1753013274638,,False,no_15m_bar,,,,,,,,,,,,,,
BNBUSDT,LONG,1753013036455,,False,no_15m_bar,,,,,,,,,,,,,,
BNBUSDT,LONG,1753013036455,,False,no_15m_bar,,,,,,,,,,,,,,
XTZUSDT,LONG,1753009796843,False,False,no_trigger,0.02391118701964135,False,True,True,,,,,,,,,,
LDOUSDT,LONG,1753009119945,False,False,no_trigger,0.0019017694724656595,False,False,False,,,,,,,,,,
XRPUSDT,LONG,1753002089085,,False,no_15m_bar,,,,,,,,,,,,,,
PENDLEUSDT,LONG,1753001497045,False,False,no_trigger,0.003052581796294049,False,True,False,,,,,,,,,,
ONDOUSDT,LONG,1753001482617,,False,no_15m_bar,,,,,,,,,,,,,,
MORPHOUSDT,LONG,1753001477992,False,False,no_trigger,0.0021396344016000454,False,False,False,,,,,,,,,,
ENAUSDT,LONG,1753001458729,,False,no_15m_bar,,,,,,,,,,,,,,
LINKUSDT,LONG,1753001445421,,False,no_15m_bar,,,,,,,,,,,,,,
UNIUSDT,LONG,1753001437617,,False,no_15m_bar,,,,,,,,,,,,,,
CRVUSDT,LONG,1753001436850,False,False,no_trigger,0.005982053838484552,False,True,False,,,,,,,,,,
UNIUSDT,LONG,1753001392383,,False,no_15m_bar,,,,,,,,,,,,,,
CFXUSDT,SHORT,1752993500818,False,False,no_trigger,-0.02544580244439997,False,False,True,,,,,,,,,,
ETHUSDT,LONG,1752982819686,,False,no_15m_bar,,,,,,,,,,,,,,
LOKAUSDT,LONG,1752974517681,False,False,no_trigger,0.0050785741663472855,False,True,False,,,,,,,,,,
HBARUSDT,LONG,1752944062251,False,False,no_trigger,0.001597028783658258,False,False,False,,,,,,,,,,
LOKAUSDT,LONG,1752887046533,False,False,no_trigger,0.08740513345271592,True,True,False,,,,,,,,,,
CUSDT,SHORT,1752872554440,True,False,no_trigger,0.07192685762604381,False,False,False,,,,,,,,,,
CUSDT,SHORT,1752856250435,True,False,no_trigger,-0.011685948871058068,False,False,False,,,,,,,,,,
CUSDT,LONG,1752855969093,True,False,no_trigger,0.043945074743146545,False,False,False,,,,,,,,,,
APTUSDT,SHORT,1752851649887,,False,no_15m_bar,,,,,,,,,,,,,,
VIRTUALUSDT,SHORT,1752851391840,,False,no_15m_bar,,,,,,,,,,,,,,
KAITOUSDT,SHORT,1752851291079,False,False,no_trigger,-0.00661137155908156,False,False,False,,,,,,,,,,
PENGUUSDT,SHORT,1752851234340,,False,no_15m_bar,,,,,,,,,,,,,,
PENGUUSDT,SHORT,1752851234340,,False,no_15m_bar,,,,,,,,,,,,,,
CUSDT,SHORT,1752848719309,True,False,no_trigger,-0.08156911581569122,True,False,False,,,,,,,,,,
CUSDT,LONG,1752847215421,True,False,no_trigger,0.018111942434277727,False,False,False,,,,,,,,,,
CUSDT,SHORT,1752841288422,True,False,no_trigger,-0.045067314960469,False,False,False,,,,,,,,,,
XRPUSDT,LONG,1752838536050,,False,no_15m_bar,,,,,,,,,,,,,,
XRPUSDT,LONG,1752838536050,,False,no_15m_bar,,,,,,,,,,,,,,
XRPUSDT,LONG,1752838536050,,False,no_15m_bar,,,,,,,,,,,,,,
XRPUSDT,LONG,1752838536050,,False,no_15m_bar,,,,,,,,,,,,,,
XRPUSDT,LONG,1752838536050,,False,no_15m_bar,,,,,,,,,,,,,,
CUSDT,LONG,1752824962313,True,True,ok,0.5748681898066785,,,,0.17749,True,0.26558,0.34501,1752977100000.0,1753689300000.0,timeout,0.9016914519241688,0.08808999999999997,0.17749
ENAUSDT,LONG,1752813902475,,False,no_15m_bar,,,,,,,,,,,,,,
PENDLEUSDT,LONG,1752813895264,False,False,no_trigger,0.010328266343374005,False,True,False,,,,,,,,,,
MORPHOUSDT,LONG,1752813854722,False,False,no_trigger,0.00492723208175562,False,False,False,,,,,,,,,,
ONDOUSDT,LONG,1752813846405,,False,no_15m_bar,,,,,,,,,,,,,,
LDOUSDT,LONG,1752813842147,False,False,no_trigger,-0.0027762851513524114,False,False,False,,,,,,,,,,
LINKUSDT,LONG,1752813828673,,False,no_15m_bar,,,,,,,,,,,,,,
UNIUSDT,LONG,1752813824837,,False,no_15m_bar,,,,,,,,,,,,,,
BTCUSDT,SHORT,1752801611024,,False,no_15m_bar,,,,,,,,,,,,,,
ETHUSDT,LONG,1752801595042,,False,no_15m_bar,,,,,,,,,,,,,,
ETHUSDT,LONG,1752799419165,,False,no_15m_bar,,,,,,,,,,,,,,
XLMUSDT,LONG,1752798186904,False,False,no_trigger,0.018884137324647436,False,False,False,,,,,,,,,,
XLMUSDT,LONG,1752741384822,False,False,no_trigger,0.0004265574679548232,False,False,False,,,,,,,,,,
UNIUSDT,LONG,1752736088029,,False,no_15m_bar,,,,,,,,,,,,,,
ENAUSDT,LONG,1752736072763,,False,no_15m_bar,,,,,,,,,,,,,,
ONDOUSDT,LONG,1752736063985,,False,no_15m_bar,,,,,,,,,,,,,,
MORPHOUSDT,LONG,1752736041633,False,False,no_trigger,-0.00833570143033072,False,False,False,,,,,,,,,,
PENDLEUSDT,LONG,1752736031057,False,False,no_trigger,-0.009803689967163565,False,False,False,,,,,,,,,,
AAVEUSDT,LONG,1752736023290,,False,no_15m_bar,,,,,,,,,,,,,,
LINKUSDT,LONG,1752736015104,,False,no_15m_bar,,,,,,,,,,,,,,
XLMUSDT,LONG,1752716948308,False,False,no_trigger,-2.2225185580321823e-05,False,False,False,,,,,,,,,,
AVAAIUSDT,LONG,1752707303049,False,False,no_trigger,-0.026835631755497517,False,False,False,,,,,,,,,,
ETHUSDT,LONG,1752678028031,,False,no_15m_bar,,,,,,,,,,,,,,
SEIUSDT,LONG,1752657917097,False,False,no_trigger,-0.0002678093197642983,False,False,False,,,,,,,,,,
MOODENGUSDT,LONG,1752657885367,,False,no_15m_bar,,,,,,,,,,,,,,
SEIUSDT,LONG,1752655308031,False,False,no_trigger,-0.00027151778441484925,False,False,False,,,,,,,,,,
SEIUSDT,LONG,1752655308031,False,False,no_trigger,-0.00027151778441484925,False,False,False,,,,,,,,,,
SEIUSDT,LONG,1752655308031,False,False,no_trigger,-0.00027151778441484925,False,False,False,,,,,,,,,,
SPXUSDT,LONG,1752626545784,,False,no_15m_bar,,,,,,,,,,,,,,
SPXUSDT,LONG,1752626545784,,False,no_15m_bar,,,,,,,,,,,,,,
MOODENGUSDT,LONG,1752625894163,,False,no_15m_bar,,,,,,,,,,,,,,
GALAUSDT,SHORT,1752592379067,False,False,no_trigger,0.005428226779252099,False,False,False,,,,,,,,,,
GALAUSDT,SHORT,1752592379067,False,False,no_trigger,0.005428226779252099,False,False,False,,,,,,,,,,
SPXUSDT,LONG,1752591150217,,False,no_15m_bar,,,,,,,,,,,,,,
SPXUSDT,LONG,1752591150217,,False,no_15m_bar,,,,,,,,,,,,,,
SPXUSDT,LONG,1752591150217,,False,no_15m_bar,,,,,,,,,,,,,,
SPXUSDT,LONG,1752591150217,,False,no_15m_bar,,,,,,,,,,,,,,
SPXUSDT,LONG,1752591150217,,False,no_15m_bar,,,,,,,,,,,,,,
SPXUSDT,LONG,1752591150217,,False,no_15m_bar,,,,,,,,,,,,,,
XLMUSDT,LONG,1752472250844,False,False,no_trigger,-0.011161628573769171,False,False,False,,,,,,,,,,
CFXUSDT,LONG,1752469092951,False,False,no_trigger,-0.004782445611402819,False,False,False,,,,,,,,,,
MOODENGUSDT,LONG,1752469049468,,False,no_15m_bar,,,,,,,,,,,,,,
UNIUSDT,LONG,1752469006314,,False,no_15m_bar,,,,,,,,,,,,,,
SPXUSDT,LONG,1752468924637,,False,no_15m_bar,,,,,,,,,,,,,,
MOODENGUSDT,LONG,1752468882526,,False,no_15m_bar,,,,,,,,,,,,,,
PUMPUSDT,SHORT,1752379702665,,False,no_15m_bar,,,,,,,,,,,,,,
KNCUSDT,LONG,1752355243824,,False,no_15m_bar,,,,,,,,,,,,,,
KNCUSDT,LONG,1752335939298,,False,no_15m_bar,,,,,,,,,,,,,,
ETHUSDT,LONG,1752325743043,,False,no_15m_bar,,,,,,,,,,,,,,
PUMPUSDT,LONG,1752317612202,,False,no_15m_bar,,,,,,,,,,,,,,
SPXUSDT,SHORT,1752316157809,,False,no_15m_bar,,,,,,,,,,,,,,
FARTCOINUSDT,SHORT,1752316146802,,False,no_15m_bar,,,,,,,,,,,,,,
PUMPUSDT,SHORT,1752316019706,,False,no_15m_bar,,,,,,,,,,,,,,
MLNUSDT,LONG,1752303852250,False,False,no_trigger,-0.10369649805447462,False,False,True,,,,,,,,,,
AIOTUSDT,LONG,1752301647713,,False,no_15m_bar,,,,,,,,,,,,,,
OMNIUSDT,SHORT,1752247178259,True,False,no_trigger,-0.011961722488038258,False,True,False,,,,,,,,,,
XLMUSDT,LONG,1752246556461,False,False,no_trigger,0.026021352313167205,False,True,True,,,,,,,,,,
XLMUSDT,LONG,1752243786730,False,False,no_trigger,-0.00171711292200243,False,False,False,,,,,,,,,,
XLMUSDT,LONG,1752243786730,False,False,no_trigger,-0.00171711292200243,False,False,False,,,,,,,,,,
1000000BOBUSDT,LONG,1752230487439,True,False,no_trigger,-0.007834217841799286,False,False,False,,,,,,,,,,
NEIROETHUSDT,LONG,1752226089347,,False,no_15m_bar,,,,,,,,,,,,,,
OMNIUSDT,SHORT,1752224996731,True,False,no_trigger,-0.03692451507361521,False,False,False,,,,,,,,,,
AINUSDT,LONG,1752212582491,True,False,no_trigger,-0.22355279744012418,False,False,True,,,,,,,,,,
SAGAUSDT,LONG,1752212338235,False,False,no_trigger,0.021364795918367294,False,False,True,,,,,,,,,,
ALTUSDT,LONG,1752211623306,False,True,ok,0.1942809083263246,,,,0.03674,True,0.04262,0.04262,1752211800000.0,1752223500000.0,stop,0.0,0.005879999999999996,0.03674
OMNIUSDT,LONG,1752210008552,True,False,no_trigger,-0.033436412833397766,False,False,False,,,,,,,,,,
CFXUSDT,LONG,1752200683306,False,False,no_trigger,0.006936917407327137,False,False,False,,,,,,,,,,
CFXUSDT,LONG,1752200468635,False,False,no_trigger,0.006936917407327137,False,False,False,,,,,,,,,,
AINUSDT,LONG,1752193359510,True,False,no_trigger,0.02764423076923078,False,False,False,,,,,,,,,,
VICUSDT,LONG,1752192699226,True,False,no_confirm,0.16471990464839092,,,,0.4451,,,,,,,,,
VICUSDT,LONG,1752192375035,True,False,no_confirm,0.16471990464839092,,,,0.4451,,,,,,,,,
1000000BOBUSDT,LONG,1752192315575,,False,no_15m_bar,,,,,,,,,,,,,,
1000000BOBUSDT,LONG,1752191896233,,False,no_15m_bar,,,,,,,,,,,,,,
HYPERUSDT,LONG,1752183435691,False,False,no_trigger,-0.002213613724405052,False,False,False,,,,,,,,,,
ETHUSDT,LONG,1752165747580,,False,no_15m_bar,,,,,,,,,,,,,,
XRPUSDT,LONG,1752063336767,,False,no_15m_bar,,,,,,,,,,,,,,
XRPUSDT,LONG,1752063336767,,False,no_15m_bar,,,,,,,,,,,,,,
XRPUSDT,LONG,1752063336767,,False,no_15m_bar,,,,,,,,,,,,,,
XRPUSDT,LONG,1752063336767,,False,no_15m_bar,,,,,,,,,,,,,,
ETHUSDT,LONG,1752051823842,,False,no_15m_bar,,,,,,,,,,,,,,
VICUSDT,LONG,1752032896557,True,False,no_trigger,-0.19418832075998885,False,False,True,,,,,,,,,,
MAGICUSDT,LONG,1752023188041,False,False,no_trigger,-0.005341246290801257,False,False,False,,,,,,,,,,
FISUSDT,SHORT,1752022861590,False,False,no_trigger,0.010067114093959752,False,False,False,,,,,,,,,,
VICUSDT,LONG,1752009052619,True,False,no_trigger,0.027821194123163372,False,True,False,,,,,,,,,,
MAGICUSDT,LONG,1752008975895,False,False,no_trigger,-0.010059171597633178,False,False,False,,,,,,,,,,
DOTUSDT,SHORT,1751985066736,False,False,no_trigger,0.0026635099141757612,False,False,False,,,,,,,,,,
DOTUSDT,SHORT,1751985066736,False,False,no_trigger,0.0026635099141757612,False,False,False,,,,,,,,,,
DOTUSDT,SHORT,1751985066736,False,False,no_trigger,0.0026635099141757612,False,False,False,,,,,,,,,,
DOTUSDT,SHORT,1751985066736,False,False,no_trigger,0.0026635099141757612,False,False,False,,,,,,,,,,
DOTUSDT,SHORT,1751985066736,False,False,no_trigger,0.0026635099141757612,False,False,False,,,,,,,,,,
FISUSDT,LONG,1751967137772,False,False,no_trigger,-0.008473992421632855,False,False,False,,,,,,,,,,
1000000BOBUSDT,LONG,1751967050220,,False,no_15m_bar,,,,,,,,,,,,,,
VICUSDT,SHORT,1751953018185,True,False,no_trigger,-0.01913580246913575,False,False,False,,,,,,,,,,
1000000BOBUSDT,LONG,1751950302153,,False,no_15m_bar,,,,,,,,,,,,,,
SAHARAUSDT,SHORT,1751936735986,False,False,no_trigger,-0.0014448968869039667,False,True,False,,,,,,,,,,
HUSDT,SHORT,1751936716197,False,False,no_trigger,-0.026192278576835662,False,True,False,,,,,,,,,,
HUSDT,SHORT,1751934499287,False,False,no_trigger,-0.013594263519569676,False,False,False,,,,,,,,,,
VICUSDT,LONG,1751900988711,True,False,no_trigger,-0.031249999999999993,False,False,False,,,,,,,,,,
MOODENGUSDT,LONG,1751836663407,,False,no_15m_bar,,,,,,,,,,,,,,
SAHARAUSDT,SHORT,1751819338544,False,False,no_trigger,0.0028227785959745702,False,False,False,,,,,,,,,,
HUSDT,LONG,1751816192998,False,False,no_trigger,-0.029829028737722856,False,False,False,,,,,,,,,,
HUSDT,SHORT,1751753954204,False,False,no_trigger,-0.004847129008202852,False,False,False,,,,,,,,,,
1000000BOBUSDT,LONG,1751730729749,,False,no_15m_bar,,,,,,,,,,,,,,
HUSDT,LONG,1751730355713,False,False,no_trigger,-0.042094216417910474,False,False,True,,,,,,,,,,
SAHARAUSDT,SHORT,1751724867506,False,False,no_trigger,-0.007791244125649339,False,False,False,,,,,,,,,,
BTCUSDT,LONG,1751680118563,,False,no_15m_bar,,,,,,,,,,,,,,
HUSDT,LONG,1751673217901,False,False,no_trigger,-0.012410986775178014,False,False,False,,,,,,,,,,
HUSDT,LONG,1751599455138,False,False,no_trigger,0.07556125721616411,True,False,False,,,,,,,,,,
SAHARAUSDT,SHORT,1751546289973,False,False,no_trigger,-0.000747570396212366,False,False,False,,,,,,,,,,
HUSDT,LONG,1751539037163,False,False,no_trigger,0.018740239458615263,False,False,False,,,,,,,,,,
MOODENGUSDT,LONG,1751518066812,,False,no_15m_bar,,,,,,,,,,,,,,
SAHARAUSDT,SHORT,1751505478824,True,False,no_trigger,-0.0004964627032393989,False,False,False,,,,,,,,,,
HUSDT,SHORT,1751505339690,False,False,no_trigger,0.005108173076923182,False,False,False,,,,,,,,,,
HUSDT,LONG,1751473084500,False,False,no_trigger,-0.004228329809725084,False,False,False,,,,,,,,,,
SAHARAUSDT,SHORT,1751470330826,True,False,no_trigger,-0.001758131357528585,False,False,False,,,,,,,,,,
HUSDT,LONG,1751448661000,False,False,no_trigger,-0.01378446115288208,False,False,False,,,,,,,,,,
HUSDT,LONG,1751436961245,True,False,no_trigger,0.08464311463590483,True,False,False,,,,,,,,,,
HUSDT,SHORT,1751435333891,True,False,no_confirm,-0.11862587224906065,,,,0.06945,,,,,,,,,
SAHARAUSDT,SHORT,1751431660025,True,False,no_trigger,-0.006363863239331128,False,False,False,,,,,,,,,,
BROCCOLI714USDT,LONG,1751425355498,,False,no_15m_bar,,,,,,,,,,,,,,
BTCUSDT,LONG,1751388002779,,False,no_15m_bar,,,,,,,,,,,,,,
BROCCOLI714USDT,LONG,1751294927569,,False,no_15m_bar,,,,,,,,,,,,,,
BROCCOLI714USDT,LONG,1751245004693,,False,no_15m_bar,,,,,,,,,,,,,,
AAVEUSDT,LONG,1751236053771,,False,no_15m_bar,,,,,,,,,,,,,,
AAVEUSDT,LONG,1751236053771,,False,no_15m_bar,,,,,,,,,,,,,,
AAVEUSDT,LONG,1751236053771,,False,no_15m_bar,,,,,,,,,,,,,,
AAVEUSDT,LONG,1751236053771,,False,no_15m_bar,,,,,,,,,,,,,,
AAVEUSDT,LONG,1751236053771,,False,no_15m_bar,,,,,,,,,,,,,,
AAVEUSDT,LONG,1751236053771,,False,no_15m_bar,,,,,,,,,,,,,,
AAVEUSDT,LONG,1751236053771,,False,no_15m_bar,,,,,,,,,,,,,,
BROCCOLI714USDT,LONG,1751160793354,,False,no_15m_bar,,,,,,,,,,,,,,
POLYXUSDT,LONG,1751123120417,False,False,no_trigger,0.009294147199196181,False,True,True,,,,,,,,,,
POLYXUSDT,LONG,1751123025738,False,False,no_trigger,0.009294147199196181,False,True,True,,,,,,,,,,
NEWTUSDT,SHORT,1751121195705,True,False,no_trigger,-0.010937499999999952,False,True,False,,,,,,,,,,
NEWTUSDT,SHORT,1751121195705,True,False,no_trigger,-0.010937499999999952,False,True,False,,,,,,,,,,
BSWUSDT,LONG,1751114645935,,False,no_15m_bar,,,,,,,,,,,,,,
SAHARAUSDT,SHORT,1751088648019,True,False,no_trigger,0.005066206102475646,False,False,False,,,,,,,,,,
BSWUSDT,LONG,1751075468819,,False,no_15m_bar,,,,,,,,,,,,,,
SUIUSDT,SHORT,1751030838742,,False,no_15m_bar,,,,,,,,,,,,,,
APTUSDT,LONG,1751030810757,,False,no_15m_bar,,,,,,,,,,,,,,
BCHUSDT,LONG,1751017445155,False,False,no_trigger,-0.00034159181787131216,False,False,False,,,,,,,,,,
SAHARAUSDT,SHORT,1750972736960,True,False,no_trigger,-0.005080627347028961,False,False,False,,,,,,,,,,
SPXUSDT,LONG,1750952164754,,False,no_15m_bar,,,,,,,,,,,,,,
SPXUSDT,LONG,1750952164754,,False,no_15m_bar,,,,,,,,,,,,,,
BUSDT,SHORT,1750947657887,True,False,no_trigger,-0.0010066551087745971,False,False,False,,,,,,,,,,
BUSDT,SHORT,1750947657887,True,False,no_trigger,-0.0010066551087745971,False,False,False,,,,,,,,,,
BUSDT,SHORT,1750947657887,True,False,no_trigger,-0.0010066551087745971,False,False,False,,,,,,,,,,
BUSDT,SHORT,1750947657887,True,False,no_trigger,-0.0010066551087745971,False,False,False,,,,,,,,,,
BSWUSDT,SHORT,1750944172628,,False,no_15m_bar,,,,,,,,,,,,,,
NEWTUSDT,SHORT,1750930259834,True,False,no_trigger,0.0020217336365934368,False,False,False,,,,,,,,,,
BCHUSDT,LONG,1750905696790,False,False,no_trigger,0.003048021895994085,False,False,False,,,,,,,,,,
OLUSDT,LONG,1750898825770,True,False,no_trigger,-0.022536057692307505,False,False,False,,,,,,,,,,
EGLDUSDT,SHORT,1750861457759,False,False,no_trigger,-0.011183048852266113,False,True,True,,,,,,,,,,
NEARUSDT,SHORT,1750861444760,False,False,no_trigger,-0.010138248847926174,False,False,True,,,,,,,,,,
1INCHUSDT,SHORT,1750861427753,False,False,no_trigger,-0.008241758241758249,False,False,True,,,,,,,,,,
1INCHUSDT,SHORT,1750861427753,False,False,no_trigger,-0.008241758241758249,False,False,True,,,,,,,,,,
1INCHUSDT,SHORT,1750861427753,False,False,no_trigger,-0.008241758241758249,False,False,True,,,,,,,,,,
1INCHUSDT,SHORT,1750861427753,False,False,no_trigger,-0.008241758241758249,False,False,True,,,,,,,,,,
1INCHUSDT,SHORT,1750861427753,False,False,no_trigger,-0.008241758241758249,False,False,True,,,,,,,,,,
APEUSDT,SHORT,1750861375775,False,False,no_trigger,-0.004691038498867703,False,False,False,,,,,,,,,,
APEUSDT,SHORT,1750861375775,False,False,no_trigger,-0.004691038498867703,False,False,False,,,,,,,,,,
KAITOUSDT,SHORT,1750861336778,True,False,no_trigger,-0.006062647356012056,False,False,True,,,,,,,,,,
IPUSDT,SHORT,1750861319736,False,False,no_trigger,0.0007222752332485392,False,False,False,,,,,,,,,,
ILVUSDT,SHORT,1750861294774,False,False,no_trigger,-0.011009174311926696,False,True,True,,,,,,,,,,
ILVUSDT,SHORT,1750861294774,False,False,no_trigger,-0.011009174311926696,False,True,True,,,,,,,,,,
NEWTUSDT,SHORT,1750839182235,True,False,no_trigger,-0.02013274336283185,False,False,False,,,,,,,,,,
SPXUSDT,LONG,1750815648785,,False,no_15m_bar,,,,,,,,,,,,,,
FARTCOINUSDT,SHORT,1750815639076,,False,no_15m_bar,,,,,,,,,,,,,,
1000SHIBUSDT,SHORT,1750815627698,False,False,no_trigger,0.0033273611466597647,False,False,False,,,,,,,,,,
1000FLOKIUSDT,SHORT,1750815620163,False,False,no_trigger,0.007203044305517651,False,False,False,,,,,,,,,,
1000FLOKIUSDT,SHORT,1750815620163,False,False,no_trigger,0.007203044305517651,False,False,False,,,,,,,,,,
NEWTUSDT,SHORT,1750799161751,True,False,no_trigger,-0.013272658323852875,False,False,False,,,,,,,,,,
UNIUSDT,LONG,1750782177729,,False,no_15m_bar,,,,,,,,,,,,,,
NEWTUSDT,LONG,1750781160602,True,False,no_trigger,-0.046205170975813274,False,False,False,,,,,,,,,,
NEWTUSDT,SHORT,1750778097199,True,False,no_trigger,-0.009759380784115812,False,False,False,,,,,,,,,,
NEWTUSDT,LONG,1750777532048,True,False,no_trigger,-0.009759380784115812,False,False,False,,,,,,,,,,
NEWTUSDT,LONG,1750774832709,True,False,no_trigger,0.10946002511511095,True,False,False,,,,,,,,,,
FARTCOINUSDT,SHORT,1750723044264,,False,no_15m_bar,,,,,,,,,,,,,,
XRPUSDT,SHORT,1750559236672,,False,no_15m_bar,,,,,,,,,,,,,,
XRPUSDT,SHORT,1750559236672,,False,no_15m_bar,,,,,,,,,,,,,,
XRPUSDT,SHORT,1750559236672,,False,no_15m_bar,,,,,,,,,,,,,,
BTCUSDT,LONG,1750550856801,,False,no_15m_bar,,,,,,,,,,,,,,
BTCUSDT,LONG,1750550856801,,False,no_15m_bar,,,,,,,,,,,,,,
BTCUSDT,LONG,1750550856801,,False,no_15m_bar,,,,,,,,,,,,,,
BTCUSDT,LONG,1750550856801,,False,no_15m_bar,,,,,,,,,,,,,,
BTCUSDT,LONG,1750550856801,,False,no_15m_bar,,,,,,,,,,,,,,
BTCUSDT,LONG,1750550856801,,False,no_15m_bar,,,,,,,,,,,,,,
BTCUSDT,LONG,1750550856801,,False,no_15m_bar,,,,,,,,,,,,,,
BTCUSDT,LONG,1750550856801,,False,no_15m_bar,,,,,,,,,,,,,,
SPXUSDT,LONG,1750205522914,,False,no_15m_bar,,,,,,,,,,,,,,
